-- 멤버생성 ( 시스템 ) 어드민1 ( 0197bf2b-ced9-7304-b126-c7bed5391382 )
INSERT INTO member(id,company_id,name,department,position,role,phone_number,email,password,deleted,birth_date,created_at,modified_at)
VALUES
(UNHEX(REPLACE('0197bf2b-ced9-7e2d-9704-e498f137081b','-','')),UNHEX(REPLACE('0197bf2b-ced9-7304-b126-c7bed5391382','-','')),'관리자','관리자','관리자','SYSTEM_ADMIN','010-2345-0001','admin@example.com','$2a$12$/pyeLcaZSOu5yQtbMEdNIeURzl21SbeShNoYWytaEiOosaduV.ebi',0,'1990-01-01','2024-05-01 15:30:00','2024-05-01 15:30:00');

-- 멤버생성 ( 개발사 ) 어드민1,멤버1  --회사 ( 0197bf2b-ced9-7a19-a9e5-46cb3f391663 )
INSERT INTO member(id,company_id,name,department,position,role,phone_number,email,password,deleted,birth_date,created_at,modified_at)
VALUES
(UNHEX(REPLACE('0197bf2b-ced9-76fc-8271-28964d4636d6','-','')),UNHEX(REPLACE('0197bf2b-ced9-7a19-a9e5-46cb3f391663','-','')),'김순자','개발팀','팀장','DEV_ADMIN','010-2345-0001','devAdmin@example.com','$2a$12$/pyeLcaZSOu5yQtbMEdNIeURzl21SbeShNoYWytaEiOosaduV.ebi',0,'1990-01-01','2024-12-01 16:30:00','2025-05-04 11:30:00'),
(UNHEX(REPLACE('0197bf2b-ced9-7e6b-a0ba-95ccc981b2f9','-','')),UNHEX(REPLACE('0197bf2b-ced9-7a19-a9e5-46cb3f391663','-','')),'박민재','개밭팀','사원','USER','010-5321-2101','devUser@example.com','$2a$12$/pyeLcaZSOu5yQtbMEdNIeURzl21SbeShNoYWytaEiOosaduV.ebi',0,'1990-01-01','2025-04-02 14:30:00','2025-04-05 17:30:00');

-- 멤버생성 ( 고객사 ) 어드민1, 멤버1  -- 회사 ( 0197bf2b-ced9-7cc2-a9d7-b691982482a8 )
INSERT INTO member(id, company_id, name, department, position, role, phone_number, email, password, deleted, birth_date, created_at, modified_at)
VALUES
(UNHEX(REPLACE('0197bf2b-ced9-78f8-a5fe-68b2e25b9192','-','')), UNHEX(REPLACE('0197bf2b-ced9-7cc2-a9d7-b691982482a8','-','')),'최고은', '기획팀', '팀장', 'CLIENT_ADMIN', '010-1234-5678', 'clientAdmin@example.com','$2a$12$/pyeLcaZSOu5yQtbMEdNIeURzl21SbeShNoYWytaEiOosaduV.ebi', 0, '1990-01-01','2025-01-10 09:00:00', '2025-04-01 10:00:00'),
(UNHEX(REPLACE('0197bf2b-ced9-7599-8382-e622a4df8904','-','')), UNHEX(REPLACE('0197bf2b-ced9-7cc2-a9d7-b691982482a8','-','')),'이하린', '기획팀', '사원', 'USER', '010-5678-1234', 'clientUser@example.com','$2a$12$/pyeLcaZSOu5yQtbMEdNIeURzl21SbeShNoYWytaEiOosaduV.ebi', 0, '1993-03-15','2025-03-12 15:00:00', '2025-06-01 13:00:00');

-- 회사생성
INSERT INTO company(id,name,contact_phone_number,business_number,address,contact_email,detail,file_name,type,created_at,modified_at,deleted)
VALUES
--관리자
(UNHEX(REPLACE('0197bf2b-ced9-7304-b126-c7bed5391382','-','')),'관리자 회사','02-1234-5678','987-65-43210','서울특별시 강남구 테헤란로 123','admin@adminkorea.com','시스템 운영을 총괄하는 관리자 전용 회사입니다.','/adminKorea.png','SYSTEM','1990-01-01','1990-01-01',b'0'),
-- 개발사
(UNHEX(REPLACE('0197bf2b-ced9-7a19-a9e5-46cb3f391663','-','')),'주식회사 넥스트소프트', '02-6123-4567', '120-81-45678', '서울특별시 마포구 월드컵북로 396','contact@nextsoft.co.kr', 'AI 기반 솔루션과 웹 시스템을 개발하는 전문 IT 기업입니다.', '/nextsoft.png', 'DEV','2023-03-15 10:00:00', '2023-12-01 09:45:00', b'0'),
-- 고객사
(UNHEX(REPLACE('0197bf2b-ced9-7cc2-a9d7-b691982482a8','-','')),'주식회사 지엠로지스', '02-701-9876', '220-95-67890', '경기도 성남시 분당구 판교로 242','support@gmlogis.com', '스마트 물류 시스템을 도입하고 있는 물류 전문 고객사입니다.', '/gmlogis.png', 'CLIENT','2024-01-10 09:30:00', '2025-05-10 14:15:00', b'0');

-- 회사아래 직원 추가 10명
INSERT INTO member(id, company_id, name, department, position, role, phone_number, email, password, deleted, birth_date, created_at, modified_at)
VALUES
-- 개발사 10명
(UNHEX(REPLACE('0197bf47-79db-753f-ac8f-2edb93c58568','-','')), UNHEX(REPLACE('0197bf2b-ced9-7a19-a9e5-46cb3f391663','-','')),'정지훈', '개발팀', '팀장', 'DEV_ADMIN', '010-9100-1000', 'user1@example.com','$2a$12$/pyeLcaZSOu5yQtbMEdNIeURzl21SbeShNoYWytaEiOosaduV.ebi', 0, '1984-06-12','2023-06-01 09:00:00', '2024-03-01 12:00:00'),
-- USER 1 ~ 9
(UNHEX(REPLACE('0197bf47-79db-7149-911f-b737a6a75030','-','')), UNHEX(REPLACE('0197bf2b-ced9-7a19-a9e5-46cb3f391663','-','')),'이하은', '개발팀', '사원', 'USER', '010-6432-1241', 'user2@example.com','$2a$12$/pyeLcaZSOu5yQtbMEdNIeURzl21SbeShNoYWytaEiOosaduV.ebi', 0, '1992-08-10','2023-07-10 10:00:00', '2024-01-02 09:30:00'),
(UNHEX(REPLACE('0197bf47-79db-70ba-af4e-bf6c70e97def','-','')), UNHEX(REPLACE('0197bf2b-ced9-7a19-a9e5-46cb3f391663','-','')),'박건우', '개발팀', '사원', 'USER', '010-5432-1022', 'user3@example.com','$2a$12$/pyeLcaZSOu5yQtbMEdNIeURzl21SbeShNoYWytaEiOosaduV.ebi', 0, '1990-12-01','2023-08-05 11:15:00', '2024-04-01 10:45:00'),
(UNHEX(REPLACE('0197bf47-79db-7e25-8d66-00194afdc369','-','')), UNHEX(REPLACE('0197bf2b-ced9-7a19-a9e5-46cb3f391663','-','')),'김하린', '개발팀', '사원', 'USER', '010-9100-1003', 'user4@example.com','$2a$12$/pyeLcaZSOu5yQtbMEdNIeURzl21SbeShNoYWytaEiOosaduV.ebi', 0, '1993-02-15','2024-01-10 09:00:00', '2024-06-01 08:30:00'),
(UNHEX(REPLACE('0197bf47-79db-7bf3-a469-1adf4d10ab4a','-','')), UNHEX(REPLACE('0197bf2b-ced9-7a19-a9e5-46cb3f391663','-','')),'윤시우', 'IT팀', '사원', 'USER', '010-4320-1004', 'user5@example.com','$2a$12$/pyeLcaZSOu5yQtbMEdNIeURzl21SbeShNoYWytaEiOosaduV.ebi', 0, '1991-05-20','2024-03-01 13:00:00', '2024-06-01 15:45:00'),
(UNHEX(REPLACE('0197bf47-79db-7c81-b2b7-a124b9f70523','-','')), UNHEX(REPLACE('0197bf2b-ced9-7a19-a9e5-46cb3f391663','-','')),'오지후', '개발팀', '사원', 'USER', '010-9140-1005', 'user6@example.com','$2a$12$/pyeLcaZSOu5yQtbMEdNIeURzl21SbeShNoYWytaEiOosaduV.ebi', 0, '1995-11-11','2024-05-15 10:00:00', '2025-01-01 09:00:00'),
(UNHEX(REPLACE('0197bf47-79db-73a2-b0d3-255f85afd5c3','-','')), UNHEX(REPLACE('0197bf2b-ced9-7a19-a9e5-46cb3f391663','-','')),'백승우', '운영팀', '사원', 'USER', '010-5853-1238', 'user7@example.com','$2a$12$/pyeLcaZSOu5yQtbMEdNIeURzl21SbeShNoYWytaEiOosaduV.ebi', 0, '1994-09-05','2024-04-12 11:30:00', '2025-04-01 10:10:00'),
(UNHEX(REPLACE('0197bf47-79db-756a-bd4c-4c025d62be31','-','')), UNHEX(REPLACE('0197bf2b-ced9-7a19-a9e5-46cb3f391663','-','')),'문서진', '기획팀', '사원', 'USER', '010-2353-9753', 'user8@example.com','$2a$12$/pyeLcaZSOu5yQtbMEdNIeURzl21SbeShNoYWytaEiOosaduV.ebi', 0, '1996-07-08','2024-05-01 14:20:00', '2025-05-20 08:45:00'),
(UNHEX(REPLACE('0197bf47-79db-7c4e-923b-0926bafd84e7','-','')), UNHEX(REPLACE('0197bf2b-ced9-7a19-a9e5-46cb3f391663','-','')),'장예린', '개발팀', '사원', 'USER', '010-8546-8634', 'user9@example.com','$2a$12$/pyeLcaZSOu5yQtbMEdNIeURzl21SbeShNoYWytaEiOosaduV.ebi', 0, '1997-10-21','2025-01-05 09:00:00', '2025-06-01 09:30:00'),
(UNHEX(REPLACE('0197bf47-79db-7477-b521-98890b7be709','-','')), UNHEX(REPLACE('0197bf2b-ced9-7a19-a9e5-46cb3f391663','-','')),'서하준', '개발팀', '사원', 'USER', '010-8445-8421', 'user10@example.com','$2a$12$/pyeLcaZSOu5yQtbMEdNIeURzl21SbeShNoYWytaEiOosaduV.ebi', 0, '1998-01-30','2025-02-02 08:50:00', '2025-06-15 09:20:00'),
-- 고객사 10명
(UNHEX(REPLACE('0197bf58-fcc9-730d-ac09-ff4b457a60fb','-','')), UNHEX(REPLACE('0197bf2b-ced9-7cc2-a9d7-b691982482a8','-','')),'김나윤', '영업지원팀', '팀장', 'CLIENT_ADMIN', '010-9010-1000', 'user11@clientco.com','$2a$12$/pyeLcaZSOu5yQtbMEdNIeURzl21SbeShNoYWytaEiOosaduV.ebi', 0, '1986-03-15','2023-04-01 09:00:00', '2024-04-01 10:00:00'),
-- USER 11~20
(UNHEX(REPLACE('0197bf58-fcc9-7d8b-a9fc-42f4f11aabb8','-','')), UNHEX(REPLACE('0197bf2b-ced9-7cc2-a9d7-b691982482a8','-','')),'이서진', '영업지원팀', '사원', 'USER', '010-1947-1001', 'user12@example.com','$2a$12$/pyeLcaZSOu5yQtbMEdNIeURzl21SbeShNoYWytaEiOosaduV.ebi', 0, '1991-07-10','2023-08-15 10:00:00', '2024-03-05 09:45:00'),
(UNHEX(REPLACE('0197bf58-fcc9-7336-b763-2371d7c6007f','-','')), UNHEX(REPLACE('0197bf2b-ced9-7cc2-a9d7-b691982482a8','-','')),'정하윤', '재무팀', '사원', 'USER', '010-7653-1002', 'user13@example.com','$2a$12$/pyeLcaZSOu5yQtbMEdNIeURzl21SbeShNoYWytaEiOosaduV.ebi', 0, '1989-11-05','2023-09-10 11:30:00', '2024-06-01 09:00:00'),
(UNHEX(REPLACE('0197bf58-fcc9-70dd-bf6c-c890beef7d37','-','')), UNHEX(REPLACE('0197bf2b-ced9-7cc2-a9d7-b691982482a8','-','')),'최지호', '기획팀', '사원', 'USER', '010-6345-1003', 'user14@example.com','$2a$12$/pyeLcaZSOu5yQtbMEdNIeURzl21SbeShNoYWytaEiOosaduV.ebi', 0, '1992-05-21','2023-11-01 14:00:00', '2024-04-12 11:15:00'),
(UNHEX(REPLACE('0197bf58-fcc9-7dc8-b373-5ba490649e34','-','')), UNHEX(REPLACE('0197bf2b-ced9-7cc2-a9d7-b691982482a8','-','')),'한수아', '고객지원팀', '사원', 'USER', '010-7345-1004', 'user15@example.com','$2a$12$/pyeLcaZSOu5yQtbMEdNIeURzl21SbeShNoYWytaEiOosaduV.ebi', 0, '1994-02-28','2024-01-15 10:00:00', '2024-05-01 08:30:00'),
(UNHEX(REPLACE('0197bf58-fcc9-7d8a-8e05-05d86c82b9e8','-','')), UNHEX(REPLACE('0197bf2b-ced9-7cc2-a9d7-b691982482a8','-','')),'배도윤', '고객지원팀', '사원', 'USER', '010-8563-1005', 'user16@example.com','$2a$12$/pyeLcaZSOu5yQtbMEdNIeURzl21SbeShNoYWytaEiOosaduV.ebi', 0, '1996-06-12','2024-02-20 09:30:00', '2025-01-10 09:00:00'),
(UNHEX(REPLACE('0197bf58-fcc9-7719-ac3a-bac65392de67','-','')), UNHEX(REPLACE('0197bf2b-ced9-7cc2-a9d7-b691982482a8','-','')),'강현우', '운영팀', '사원', 'USER', '010-1110-1006', 'user17@example.com','$2a$12$/pyeLcaZSOu5yQtbMEdNIeURzl21SbeShNoYWytaEiOosaduV.ebi', 0, '1995-04-30','2024-03-10 11:00:00', '2025-04-01 10:00:00'),
(UNHEX(REPLACE('0197bf58-fcc9-77a0-a110-ee6ad6e16f5c','-','')), UNHEX(REPLACE('0197bf2b-ced9-7cc2-a9d7-b691982482a8','-','')),'송예린', '기획팀', '사원', 'USER', '010-1210-1007', 'user18@example.com','$2a$12$/pyeLcaZSOu5yQtbMEdNIeURzl21SbeShNoYWytaEiOosaduV.ebi', 0, '1993-09-14','2024-04-05 13:30:00', '2025-05-10 08:45:00'),
(UNHEX(REPLACE('0197bf58-fcc9-7e5c-b00d-e16a1fa07e3b','-','')), UNHEX(REPLACE('0197bf2b-ced9-7cc2-a9d7-b691982482a8','-','')),'임지아', '운영팀', '사원', 'USER', '010-9210-1008', 'user19@example.com','$2a$12$/pyeLcaZSOu5yQtbMEdNIeURzl21SbeShNoYWytaEiOosaduV.ebi', 0, '1997-01-08','2024-05-12 09:00:00', '2025-06-01 09:20:00'),
(UNHEX(REPLACE('0197bf58-fcc9-7a36-8b10-606281bfe8da','-','')), UNHEX(REPLACE('0197bf2b-ced9-7cc2-a9d7-b691982482a8','-','')),'남도현', '재무팀', '사원', 'USER', '010-5210-1009', 'user20@example.com','$2a$12$/pyeLcaZSOu5yQtbMEdNIeURzl21SbeShNoYWytaEiOosaduV.ebi', 0, '1998-12-02','2025-01-25 08:50:00', '2025-06-10 09:10:00');


-- 프로젝트 생성 38개
INSERT INTO project (id, name, start_at, end_at, step, created_at, modified_at, detail, deleted, project_amount)
VALUES
(UNHEX(REPLACE('0197bf67-a895-78e9-8dd7-23609fea8a4a','-','')),'물류 관리 시스템 고도화','2025-02-18 00:00:00','2025-04-10 00:00:00','IN_PROGRESS','2025-06-30 13:00:00','2025-06-30 13:00:00','물류 관리 시스템 고도화 프로젝트입니다.',0,837),
(UNHEX(REPLACE('0197bf67-a895-7354-835d-4727f65a5329','-','')),'데이터 시각화 대시보드','2025-01-09 00:00:00','2025-05-28 00:00:00','IN_PROGRESS','2025-06-30 13:00:00','2025-06-30 13:00:00','데이터 시각화 대시보드 프로젝트입니다.',0,197),
(UNHEX(REPLACE('0197bf67-a895-76c4-bfb8-062fbbe338bf','-','')),'보안 인프라 개선','2025-02-12 00:00:00','2025-04-10 00:00:00','COMPLETED','2025-06-30 13:00:00','2025-06-30 13:00:00','보안 인프라 개선 프로젝트입니다.',0,602),
(UNHEX(REPLACE('0197bf67-a895-7ef6-b484-f1139de728fb','-','')),'ERP 모듈 커스터마이징','2025-01-31 00:00:00','2025-04-14 00:00:00','COMPLETED','2025-06-30 13:00:00','2025-06-30 13:00:00','ERP 모듈 커스터마이징 프로젝트입니다.',0,81),
(UNHEX(REPLACE('0197bf67-a895-70be-84ea-00603bdce797','-','')),'재고 자동화 시스템','2025-01-19 00:00:00','2025-05-13 00:00:00','COMPLETED','2025-06-30 13:00:00','2025-06-30 13:00:00','재고 자동화 시스템 프로젝트입니다.',0,801),
(UNHEX(REPLACE('0197bf67-a895-7124-8792-4dee07801986','-','')),'웹사이트 리뉴얼','2025-01-08 00:00:00','2025-04-14 00:00:00','IN_PROGRESS','2025-06-30 13:00:00','2025-06-30 13:00:00','웹사이트 리뉴얼 프로젝트입니다.',0,411),
(UNHEX(REPLACE('0197bf67-a895-792f-a13c-fd2881974de0','-','')),'데이터 시각화 대시보드','2025-01-30 00:00:00','2025-04-27 00:00:00','IN_PROGRESS','2025-06-30 13:00:00','2025-06-30 13:00:00','데이터 시각화 대시보드 프로젝트입니다.',0,631),
(UNHEX(REPLACE('0197bf67-a895-7907-870b-191997c3cc77','-','')),'재고 자동화 시스템','2025-01-17 00:00:00','2025-05-16 00:00:00','COMPLETED','2025-06-30 13:00:00','2025-06-30 13:00:00','재고 자동화 시스템 프로젝트입니다.',0,618),
(UNHEX(REPLACE('0197bf67-a895-7918-abb7-8af17506dc05','-','')),'고객 CRM 통합 프로젝트','2025-03-01 00:00:00','2025-04-11 00:00:00','IN_PROGRESS','2025-06-30 13:00:00','2025-06-30 13:00:00','고객 CRM 통합 프로젝트 프로젝트입니다.',0,655),
(UNHEX(REPLACE('0197bf67-a895-7cb1-9223-67d3240b6b5c','-','')),'모바일 앱 개선','2025-02-21 00:00:00','2025-04-23 00:00:00','IN_PROGRESS','2025-06-30 13:00:00','2025-06-30 13:00:00','모바일 앱 개선 프로젝트입니다.',0,475),
(UNHEX(REPLACE('0197bf67-a895-700c-b99b-d16e84f03ade','-','')),'ERP 모듈 커스터마이징','2025-01-10 00:00:00','2025-06-27 00:00:00','COMPLETED','2025-06-30 13:00:00','2025-06-30 13:00:00','ERP 모듈 커스터마이징 프로젝트입니다.',0,624),
(UNHEX(REPLACE('0197bf67-a895-7534-aa57-add7ba948fde','-','')),'전자결재 시스템 도입','2025-02-15 00:00:00','2025-06-17 00:00:00','IN_PROGRESS','2025-06-30 13:00:00','2025-06-30 13:00:00','전자결재 시스템 도입 프로젝트입니다.',0,390),
(UNHEX(REPLACE('0197bf67-a895-7f32-9107-25bc1916e167','-','')),'보안 인프라 개선','2025-02-24 00:00:00','2025-04-29 00:00:00','COMPLETED','2025-06-30 13:00:00','2025-06-30 13:00:00','보안 인프라 개선 프로젝트입니다.',0,816),
(UNHEX(REPLACE('0197bf67-a895-7e91-a56d-7c83685c8e3b','-','')),'모바일 앱 개선','2025-02-11 00:00:00','2025-05-20 00:00:00','COMPLETED','2025-06-30 13:00:00','2025-06-30 13:00:00','모바일 앱 개선 프로젝트입니다.',0,850),
(UNHEX(REPLACE('0197bf67-a895-7aa2-a98d-42dfbce7aa9a','-','')),'ERP 모듈 커스터마이징','2025-01-05 00:00:00','2025-05-05 00:00:00','COMPLETED','2025-06-30 13:00:00','2025-06-30 13:00:00','ERP 모듈 커스터마이징 프로젝트입니다.',0,282),
(UNHEX(REPLACE('0197bf67-a895-7b82-ac2c-2ed72e99d99f','-','')),'ERP 모듈 커스터마이징','2025-01-27 00:00:00','2025-04-08 00:00:00','IN_PROGRESS','2025-06-30 13:00:00','2025-06-30 13:00:00','ERP 모듈 커스터마이징 프로젝트입니다.',0,561),
(UNHEX(REPLACE('0197bf67-a895-7d64-b2a3-263b71fbc123','-','')),'데이터 시각화 대시보드','2025-01-16 00:00:00','2025-04-07 00:00:00','COMPLETED','2025-06-30 13:00:00','2025-06-30 13:00:00','데이터 시각화 대시보드 프로젝트입니다.',0,60),
(UNHEX(REPLACE('0197bf67-a895-7a99-aafc-008d77d21562','-','')),'보안 인프라 개선','2025-01-02 00:00:00','2025-07-08 00:00:00','IN_PROGRESS','2025-06-30 13:00:00','2025-06-30 13:00:00','보안 인프라 개선 프로젝트입니다.',0,541),
(UNHEX(REPLACE('0197bf67-a895-7882-86ca-a8620934aafe','-','')),'ERP 모듈 커스터마이징','2025-02-15 00:00:00','2025-05-05 00:00:00','COMPLETED','2025-06-30 13:00:00','2025-06-30 13:00:00','ERP 모듈 커스터마이징 프로젝트입니다.',0,773),
(UNHEX(REPLACE('0197bf67-a895-70e2-912f-8ff0ec176206','-','')),'물류 관리 시스템 고도화','2025-01-09 00:00:00','2025-05-07 00:00:00','IN_PROGRESS','2025-06-30 13:00:00','2025-06-30 13:00:00','물류 관리 시스템 고도화 프로젝트입니다.',0,751),
(UNHEX(REPLACE('0197bf67-a895-7d4d-b736-4b7cf327d137','-','')),'보안 인프라 개선','2025-02-22 00:00:00','2025-05-26 00:00:00','IN_PROGRESS','2025-06-30 13:00:00','2025-06-30 13:00:00','보안 인프라 개선 프로젝트입니다.',0,610),
(UNHEX(REPLACE('0197bf67-a895-7e36-8ee9-fb9c79e6a4f5','-','')),'물류 관리 시스템 고도화','2025-01-06 00:00:00','2025-07-06 00:00:00','IN_PROGRESS','2025-06-30 13:00:00','2025-06-30 13:00:00','물류 관리 시스템 고도화 프로젝트입니다.',0,183),
(UNHEX(REPLACE('0197bf67-a895-7b7d-8078-67dd7310ac65','-','')),'고객 CRM 통합 프로젝트','2025-01-29 00:00:00','2025-06-19 00:00:00','IN_PROGRESS','2025-06-30 13:00:00','2025-06-30 13:00:00','고객 CRM 통합 프로젝트 프로젝트입니다.',0,477),
(UNHEX(REPLACE('0197bf67-a895-7376-8da8-84d87d439b59','-','')),'고객 CRM 통합 프로젝트','2025-02-07 00:00:00','2025-06-22 00:00:00','IN_PROGRESS','2025-06-30 13:00:00','2025-06-30 13:00:00','고객 CRM 통합 프로젝트 프로젝트입니다.',0,851),
(UNHEX(REPLACE('0197bf67-a895-7bd8-a456-7b6fcfd00407','-','')),'ERP 모듈 커스터마이징','2025-01-16 00:00:00','2025-04-13 00:00:00','IN_PROGRESS','2025-06-30 13:00:00','2025-06-30 13:00:00','ERP 모듈 커스터마이징 프로젝트입니다.',0,331),
(UNHEX(REPLACE('0197bf67-a895-7d36-85b8-00c1861ca2f1','-','')),'웹사이트 리뉴얼','2025-02-05 00:00:00','2025-04-20 00:00:00','COMPLETED','2025-06-30 13:00:00','2025-06-30 13:00:00','웹사이트 리뉴얼 프로젝트입니다.',0,253),
(UNHEX(REPLACE('0197bf67-a895-7f9f-b11b-f68d83a3dd57','-','')),'고객 CRM 통합 프로젝트','2025-03-02 00:00:00','2025-07-05 00:00:00','COMPLETED','2025-06-30 13:00:00','2025-06-30 13:00:00','고객 CRM 통합 프로젝트 프로젝트입니다.',0,652),
(UNHEX(REPLACE('0197bf67-a895-7b87-ab76-8c6f331fe65a','-','')),'AI 추천 엔진 개발','2025-01-26 00:00:00','2025-04-16 00:00:00','IN_PROGRESS','2025-06-30 13:00:00','2025-06-30 13:00:00','AI 추천 엔진 개발 프로젝트입니다.',0,354),
(UNHEX(REPLACE('0197bf67-a895-7168-9251-e08262fc9f49','-','')),'웹사이트 리뉴얼','2025-01-07 00:00:00','2025-06-06 00:00:00','COMPLETED','2025-06-30 13:00:00','2025-06-30 13:00:00','웹사이트 리뉴얼 프로젝트입니다.',0,380),
(UNHEX(REPLACE('0197bf67-a895-7458-9f2b-09086b90fcde','-','')),'웹사이트 리뉴얼','2025-02-07 00:00:00','2025-04-17 00:00:00','IN_PROGRESS','2025-06-30 13:00:00','2025-06-30 13:00:00','웹사이트 리뉴얼 프로젝트입니다.',0,641),
(UNHEX(REPLACE('0197bf67-a895-7cd4-9868-00d5914209ff','-','')),'웹사이트 리뉴얼','2025-02-02 00:00:00','2025-05-26 00:00:00','IN_PROGRESS','2025-06-30 13:00:00','2025-06-30 13:00:00','웹사이트 리뉴얼 프로젝트입니다.',0,441),
(UNHEX(REPLACE('0197bf67-a895-72da-a364-33a3f31ac5d3','-','')),'재고 자동화 시스템','2025-01-31 00:00:00','2025-05-26 00:00:00','IN_PROGRESS','2025-06-30 13:00:00','2025-06-30 13:00:00','재고 자동화 시스템 프로젝트입니다.',0,332),
(UNHEX(REPLACE('0197bf67-a895-7e71-bb96-be5b1e2c31c1','-','')),'고객 CRM 통합 프로젝트','2025-01-21 00:00:00','2025-04-06 00:00:00','IN_PROGRESS','2025-06-30 13:00:00','2025-06-30 13:00:00','고객 CRM 통합 프로젝트 프로젝트입니다.',0,706),
(UNHEX(REPLACE('0197bf67-a895-716b-a883-c00d6177ea20','-','')),'AI 추천 엔진 개발','2025-02-21 00:00:00','2025-05-16 00:00:00','COMPLETED','2025-06-30 13:00:00','2025-06-30 13:00:00','AI 추천 엔진 개발 프로젝트입니다.',0,384),
(UNHEX(REPLACE('0197bf67-a895-7904-b03a-cec33b60bd7b','-','')),'전자결재 시스템 도입','2025-02-12 00:00:00','2025-04-10 00:00:00','IN_PROGRESS','2025-06-30 13:00:00','2025-06-30 13:00:00','전자결재 시스템 도입 프로젝트입니다.',0,820),
(UNHEX(REPLACE('0197bf67-a895-738b-83e2-0d66976c1dab','-','')),'재고 자동화 시스템','2025-01-28 00:00:00','2025-06-06 00:00:00','IN_PROGRESS','2025-06-30 13:00:00','2025-06-30 13:00:00','재고 자동화 시스템 프로젝트입니다.',0,471);
-- 프로젝트 멤버 할당
INSERT INTO project_member (deleted, manager, created_at, modified_at, id, member_id, project_id)
VALUES
(0,0,NOW(),NOW(),UNHEX(REPLACE(UUID(),'-','')),UNHEX(REPLACE('0197bf2b-ced9-76fc-8271-28964d4636d6','-','')),UNHEX(REPLACE('0197bf67-a895-78e9-8dd7-23609fea8a4a','-',''))),
(0,0,NOW(),NOW(),UNHEX(REPLACE(UUID(),'-','')),UNHEX(REPLACE('0197bf2b-ced9-76fc-8271-28964d4636d6','-','')),UNHEX(REPLACE('0197bf67-a895-7354-835d-4727f65a5329','-',''))),
(0,0,NOW(),NOW(),UNHEX(REPLACE(UUID(),'-','')),UNHEX(REPLACE('0197bf2b-ced9-76fc-8271-28964d4636d6','-','')),UNHEX(REPLACE('0197bf67-a895-76c4-bfb8-062fbbe338bf','-',''))),
(0,0,NOW(),NOW(),UNHEX(REPLACE(UUID(),'-','')),UNHEX(REPLACE('0197bf2b-ced9-76fc-8271-28964d4636d6','-','')),UNHEX(REPLACE('0197bf67-a895-7ef6-b484-f1139de728fb','-',''))),
(0,0,NOW(),NOW(),UNHEX(REPLACE(UUID(),'-','')),UNHEX(REPLACE('0197bf2b-ced9-76fc-8271-28964d4636d6','-','')),UNHEX(REPLACE('0197bf67-a895-70be-84ea-00603bdce797','-',''))),
(0,0,NOW(),NOW(),UNHEX(REPLACE(UUID(),'-','')),UNHEX(REPLACE('0197bf2b-ced9-76fc-8271-28964d4636d6','-','')),UNHEX(REPLACE('0197bf67-a895-7124-8792-4dee07801986','-',''))),
(0,0,NOW(),NOW(),UNHEX(REPLACE(UUID(),'-','')),UNHEX(REPLACE('0197bf2b-ced9-76fc-8271-28964d4636d6','-','')),UNHEX(REPLACE('0197bf67-a895-792f-a13c-fd2881974de0','-',''))),
(0,0,NOW(),NOW(),UNHEX(REPLACE(UUID(),'-','')),UNHEX(REPLACE('0197bf2b-ced9-76fc-8271-28964d4636d6','-','')),UNHEX(REPLACE('0197bf67-a895-7907-870b-191997c3cc77','-',''))),
(0,0,NOW(),NOW(),UNHEX(REPLACE(UUID(),'-','')),UNHEX(REPLACE('0197bf2b-ced9-76fc-8271-28964d4636d6','-','')),UNHEX(REPLACE('0197bf67-a895-7918-abb7-8af17506dc05','-',''))),
(0,0,NOW(),NOW(),UNHEX(REPLACE(UUID(),'-','')),UNHEX(REPLACE('0197bf2b-ced9-76fc-8271-28964d4636d6','-','')),UNHEX(REPLACE('0197bf67-a895-7cb1-9223-67d3240b6b5c','-',''))),
(0,0,NOW(),NOW(),UNHEX(REPLACE(UUID(),'-','')),UNHEX(REPLACE('0197bf2b-ced9-76fc-8271-28964d4636d6','-','')),UNHEX(REPLACE('0197bf67-a895-700c-b99b-d16e84f03ade','-',''))),
(0,0,NOW(),NOW(),UNHEX(REPLACE(UUID(),'-','')),UNHEX(REPLACE('0197bf2b-ced9-76fc-8271-28964d4636d6','-','')),UNHEX(REPLACE('0197bf67-a895-7534-aa57-add7ba948fde','-',''))),
(0,0,NOW(),NOW(),UNHEX(REPLACE(UUID(),'-','')),UNHEX(REPLACE('0197bf2b-ced9-76fc-8271-28964d4636d6','-','')),UNHEX(REPLACE('0197bf67-a895-7f32-9107-25bc1916e167','-',''))),
(0,0,NOW(),NOW(),UNHEX(REPLACE(UUID(),'-','')),UNHEX(REPLACE('0197bf2b-ced9-76fc-8271-28964d4636d6','-','')),UNHEX(REPLACE('0197bf67-a895-7e91-a56d-7c83685c8e3b','-',''))),
(0,0,NOW(),NOW(),UNHEX(REPLACE(UUID(),'-','')),UNHEX(REPLACE('0197bf2b-ced9-76fc-8271-28964d4636d6','-','')),UNHEX(REPLACE('0197bf67-a895-7aa2-a98d-42dfbce7aa9a','-',''))),
(0,0,NOW(),NOW(),UNHEX(REPLACE(UUID(),'-','')),UNHEX(REPLACE('0197bf2b-ced9-76fc-8271-28964d4636d6','-','')),UNHEX(REPLACE('0197bf67-a895-7b82-ac2c-2ed72e99d99f','-',''))),
(0,0,NOW(),NOW(),UNHEX(REPLACE(UUID(),'-','')),UNHEX(REPLACE('0197bf2b-ced9-76fc-8271-28964d4636d6','-','')),UNHEX(REPLACE('0197bf67-a895-7d64-b2a3-263b71fbc123','-',''))),
(0,0,NOW(),NOW(),UNHEX(REPLACE(UUID(),'-','')),UNHEX(REPLACE('0197bf2b-ced9-76fc-8271-28964d4636d6','-','')),UNHEX(REPLACE('0197bf67-a895-7a99-aafc-008d77d21562','-',''))),
(0,0,NOW(),NOW(),UNHEX(REPLACE(UUID(),'-','')),UNHEX(REPLACE('0197bf2b-ced9-76fc-8271-28964d4636d6','-','')),UNHEX(REPLACE('0197bf67-a895-7882-86ca-a8620934aafe','-',''))),
(0,0,NOW(),NOW(),UNHEX(REPLACE(UUID(),'-','')),UNHEX(REPLACE('0197bf2b-ced9-76fc-8271-28964d4636d6','-','')),UNHEX(REPLACE('0197bf67-a895-70e2-912f-8ff0ec176206','-',''))),
(0,0,NOW(),NOW(),UNHEX(REPLACE(UUID(),'-','')),UNHEX(REPLACE('0197bf2b-ced9-76fc-8271-28964d4636d6','-','')),UNHEX(REPLACE('0197bf67-a895-7d4d-b736-4b7cf327d137','-',''))),
(0,0,NOW(),NOW(),UNHEX(REPLACE(UUID(),'-','')),UNHEX(REPLACE('0197bf2b-ced9-76fc-8271-28964d4636d6','-','')),UNHEX(REPLACE('0197bf67-a895-7e36-8ee9-fb9c79e6a4f5','-',''))),
(0,0,NOW(),NOW(),UNHEX(REPLACE(UUID(),'-','')),UNHEX(REPLACE('0197bf2b-ced9-76fc-8271-28964d4636d6','-','')),UNHEX(REPLACE('0197bf67-a895-7b7d-8078-67dd7310ac65','-',''))),
(0,0,NOW(),NOW(),UNHEX(REPLACE(UUID(),'-','')),UNHEX(REPLACE('0197bf2b-ced9-76fc-8271-28964d4636d6','-','')),UNHEX(REPLACE('0197bf67-a895-7376-8da8-84d87d439b59','-',''))),
(0,0,NOW(),NOW(),UNHEX(REPLACE(UUID(),'-','')),UNHEX(REPLACE('0197bf2b-ced9-76fc-8271-28964d4636d6','-','')),UNHEX(REPLACE('0197bf67-a895-7bd8-a456-7b6fcfd00407','-',''))),
(0,0,NOW(),NOW(),UNHEX(REPLACE(UUID(),'-','')),UNHEX(REPLACE('0197bf2b-ced9-76fc-8271-28964d4636d6','-','')),UNHEX(REPLACE('0197bf67-a895-7d36-85b8-00c1861ca2f1','-',''))),
(0,0,NOW(),NOW(),UNHEX(REPLACE(UUID(),'-','')),UNHEX(REPLACE('0197bf2b-ced9-76fc-8271-28964d4636d6','-','')),UNHEX(REPLACE('0197bf67-a895-7f9f-b11b-f68d83a3dd57','-',''))),
(0,0,NOW(),NOW(),UNHEX(REPLACE(UUID(),'-','')),UNHEX(REPLACE('0197bf2b-ced9-76fc-8271-28964d4636d6','-','')),UNHEX(REPLACE('0197bf67-a895-7b87-ab76-8c6f331fe65a','-',''))),
(0,0,NOW(),NOW(),UNHEX(REPLACE(UUID(),'-','')),UNHEX(REPLACE('0197bf2b-ced9-76fc-8271-28964d4636d6','-','')),UNHEX(REPLACE('0197bf67-a895-7168-9251-e08262fc9f49','-',''))),
(0,0,NOW(),NOW(),UNHEX(REPLACE(UUID(),'-','')),UNHEX(REPLACE('0197bf2b-ced9-76fc-8271-28964d4636d6','-','')),UNHEX(REPLACE('0197bf67-a895-7458-9f2b-09086b90fcde','-',''))),
(0,0,NOW(),NOW(),UNHEX(REPLACE(UUID(),'-','')),UNHEX(REPLACE('0197bf2b-ced9-76fc-8271-28964d4636d6','-','')),UNHEX(REPLACE('0197bf67-a895-7cd4-9868-00d5914209ff','-',''))),
(0,0,NOW(),NOW(),UNHEX(REPLACE(UUID(),'-','')),UNHEX(REPLACE('0197bf2b-ced9-76fc-8271-28964d4636d6','-','')),UNHEX(REPLACE('0197bf67-a895-72da-a364-33a3f31ac5d3','-',''))),
(0,0,NOW(),NOW(),UNHEX(REPLACE(UUID(),'-','')),UNHEX(REPLACE('0197bf2b-ced9-76fc-8271-28964d4636d6','-','')),UNHEX(REPLACE('0197bf67-a895-7e71-bb96-be5b1e2c31c1','-',''))),
(0,0,NOW(),NOW(),UNHEX(REPLACE(UUID(),'-','')),UNHEX(REPLACE('0197bf2b-ced9-76fc-8271-28964d4636d6','-','')),UNHEX(REPLACE('0197bf67-a895-716b-a883-c00d6177ea20','-',''))),
(0,0,NOW(),NOW(),UNHEX(REPLACE(UUID(),'-','')),UNHEX(REPLACE('0197bf2b-ced9-76fc-8271-28964d4636d6','-','')),UNHEX(REPLACE('0197bf67-a895-7904-b03a-cec33b60bd7b','-',''))),
(0,0,NOW(),NOW(),UNHEX(REPLACE(UUID(),'-','')),UNHEX(REPLACE('0197bf2b-ced9-76fc-8271-28964d4636d6','-','')),UNHEX(REPLACE('0197bf67-a895-738b-83e2-0d66976c1dab','-',''))),
(0,0,NOW(),NOW(),UNHEX(REPLACE(UUID(),'-','')),UNHEX(REPLACE('0197bf2b-ced9-76fc-8271-28964d4636d6','-','')),UNHEX(REPLACE('0197bf67-a895-712d-905d-323d4598002c','-',''))),
(0,0,NOW(),NOW(),UNHEX(REPLACE(UUID(),'-','')),UNHEX(REPLACE('0197bf2b-ced9-76fc-8271-28964d4636d6','-','')),UNHEX(REPLACE('0197bf67-a895-76e1-b683-a221c875b940','-',''))),
(0,0,NOW(),NOW(),UNHEX(REPLACE(UUID(),'-','')),UNHEX(REPLACE('0197bf2b-ced9-7e6b-a0ba-95ccc981b2f9','-','')),UNHEX(REPLACE('0197bf67-a895-78e9-8dd7-23609fea8a4a','-',''))),
(0,0,NOW(),NOW(),UNHEX(REPLACE(UUID(),'-','')),UNHEX(REPLACE('0197bf2b-ced9-7e6b-a0ba-95ccc981b2f9','-','')),UNHEX(REPLACE('0197bf67-a895-7354-835d-4727f65a5329','-',''))),
(0,0,NOW(),NOW(),UNHEX(REPLACE(UUID(),'-','')),UNHEX(REPLACE('0197bf2b-ced9-7e6b-a0ba-95ccc981b2f9','-','')),UNHEX(REPLACE('0197bf67-a895-76c4-bfb8-062fbbe338bf','-',''))),
(0,0,NOW(),NOW(),UNHEX(REPLACE(UUID(),'-','')),UNHEX(REPLACE('0197bf2b-ced9-7e6b-a0ba-95ccc981b2f9','-','')),UNHEX(REPLACE('0197bf67-a895-7ef6-b484-f1139de728fb','-',''))),
(0,0,NOW(),NOW(),UNHEX(REPLACE(UUID(),'-','')),UNHEX(REPLACE('0197bf2b-ced9-7e6b-a0ba-95ccc981b2f9','-','')),UNHEX(REPLACE('0197bf67-a895-70be-84ea-00603bdce797','-',''))),
(0,0,NOW(),NOW(),UNHEX(REPLACE(UUID(),'-','')),UNHEX(REPLACE('0197bf2b-ced9-7e6b-a0ba-95ccc981b2f9','-','')),UNHEX(REPLACE('0197bf67-a895-7124-8792-4dee07801986','-',''))),
(0,0,NOW(),NOW(),UNHEX(REPLACE(UUID(),'-','')),UNHEX(REPLACE('0197bf2b-ced9-7e6b-a0ba-95ccc981b2f9','-','')),UNHEX(REPLACE('0197bf67-a895-792f-a13c-fd2881974de0','-',''))),
(0,0,NOW(),NOW(),UNHEX(REPLACE(UUID(),'-','')),UNHEX(REPLACE('0197bf2b-ced9-7e6b-a0ba-95ccc981b2f9','-','')),UNHEX(REPLACE('0197bf67-a895-7907-870b-191997c3cc77','-',''))),
(0,0,NOW(),NOW(),UNHEX(REPLACE(UUID(),'-','')),UNHEX(REPLACE('0197bf2b-ced9-7e6b-a0ba-95ccc981b2f9','-','')),UNHEX(REPLACE('0197bf67-a895-7918-abb7-8af17506dc05','-',''))),
(0,0,NOW(),NOW(),UNHEX(REPLACE(UUID(),'-','')),UNHEX(REPLACE('0197bf2b-ced9-7e6b-a0ba-95ccc981b2f9','-','')),UNHEX(REPLACE('0197bf67-a895-7cb1-9223-67d3240b6b5c','-',''))),
(0,0,NOW(),NOW(),UNHEX(REPLACE(UUID(),'-','')),UNHEX(REPLACE('0197bf2b-ced9-7e6b-a0ba-95ccc981b2f9','-','')),UNHEX(REPLACE('0197bf67-a895-700c-b99b-d16e84f03ade','-',''))),
(0,0,NOW(),NOW(),UNHEX(REPLACE(UUID(),'-','')),UNHEX(REPLACE('0197bf2b-ced9-7e6b-a0ba-95ccc981b2f9','-','')),UNHEX(REPLACE('0197bf67-a895-7534-aa57-add7ba948fde','-',''))),
(0,0,NOW(),NOW(),UNHEX(REPLACE(UUID(),'-','')),UNHEX(REPLACE('0197bf2b-ced9-7e6b-a0ba-95ccc981b2f9','-','')),UNHEX(REPLACE('0197bf67-a895-7f32-9107-25bc1916e167','-',''))),
(0,0,NOW(),NOW(),UNHEX(REPLACE(UUID(),'-','')),UNHEX(REPLACE('0197bf2b-ced9-7e6b-a0ba-95ccc981b2f9','-','')),UNHEX(REPLACE('0197bf67-a895-7e91-a56d-7c83685c8e3b','-',''))),
(0,0,NOW(),NOW(),UNHEX(REPLACE(UUID(),'-','')),UNHEX(REPLACE('0197bf2b-ced9-7e6b-a0ba-95ccc981b2f9','-','')),UNHEX(REPLACE('0197bf67-a895-7aa2-a98d-42dfbce7aa9a','-',''))),
(0,0,NOW(),NOW(),UNHEX(REPLACE(UUID(),'-','')),UNHEX(REPLACE('0197bf2b-ced9-7e6b-a0ba-95ccc981b2f9','-','')),UNHEX(REPLACE('0197bf67-a895-7b82-ac2c-2ed72e99d99f','-',''))),
(0,0,NOW(),NOW(),UNHEX(REPLACE(UUID(),'-','')),UNHEX(REPLACE('0197bf2b-ced9-7e6b-a0ba-95ccc981b2f9','-','')),UNHEX(REPLACE('0197bf67-a895-7d64-b2a3-263b71fbc123','-',''))),
(0,0,NOW(),NOW(),UNHEX(REPLACE(UUID(),'-','')),UNHEX(REPLACE('0197bf2b-ced9-7e6b-a0ba-95ccc981b2f9','-','')),UNHEX(REPLACE('0197bf67-a895-7a99-aafc-008d77d21562','-',''))),
(0,0,NOW(),NOW(),UNHEX(REPLACE(UUID(),'-','')),UNHEX(REPLACE('0197bf2b-ced9-7e6b-a0ba-95ccc981b2f9','-','')),UNHEX(REPLACE('0197bf67-a895-7882-86ca-a8620934aafe','-',''))),
(0,0,NOW(),NOW(),UNHEX(REPLACE(UUID(),'-','')),UNHEX(REPLACE('0197bf2b-ced9-7e6b-a0ba-95ccc981b2f9','-','')),UNHEX(REPLACE('0197bf67-a895-70e2-912f-8ff0ec176206','-',''))),
(0,0,NOW(),NOW(),UNHEX(REPLACE(UUID(),'-','')),UNHEX(REPLACE('0197bf2b-ced9-7e6b-a0ba-95ccc981b2f9','-','')),UNHEX(REPLACE('0197bf67-a895-7d4d-b736-4b7cf327d137','-',''))),
(0,0,NOW(),NOW(),UNHEX(REPLACE(UUID(),'-','')),UNHEX(REPLACE('0197bf2b-ced9-7e6b-a0ba-95ccc981b2f9','-','')),UNHEX(REPLACE('0197bf67-a895-7e36-8ee9-fb9c79e6a4f5','-',''))),
(0,0,NOW(),NOW(),UNHEX(REPLACE(UUID(),'-','')),UNHEX(REPLACE('0197bf2b-ced9-7e6b-a0ba-95ccc981b2f9','-','')),UNHEX(REPLACE('0197bf67-a895-7b7d-8078-67dd7310ac65','-',''))),
(0,0,NOW(),NOW(),UNHEX(REPLACE(UUID(),'-','')),UNHEX(REPLACE('0197bf2b-ced9-7e6b-a0ba-95ccc981b2f9','-','')),UNHEX(REPLACE('0197bf67-a895-7376-8da8-84d87d439b59','-',''))),
(0,0,NOW(),NOW(),UNHEX(REPLACE(UUID(),'-','')),UNHEX(REPLACE('0197bf2b-ced9-7e6b-a0ba-95ccc981b2f9','-','')),UNHEX(REPLACE('0197bf67-a895-7bd8-a456-7b6fcfd00407','-',''))),
(0,0,NOW(),NOW(),UNHEX(REPLACE(UUID(),'-','')),UNHEX(REPLACE('0197bf2b-ced9-7e6b-a0ba-95ccc981b2f9','-','')),UNHEX(REPLACE('0197bf67-a895-7d36-85b8-00c1861ca2f1','-',''))),
(0,0,NOW(),NOW(),UNHEX(REPLACE(UUID(),'-','')),UNHEX(REPLACE('0197bf2b-ced9-7e6b-a0ba-95ccc981b2f9','-','')),UNHEX(REPLACE('0197bf67-a895-7f9f-b11b-f68d83a3dd57','-',''))),
(0,0,NOW(),NOW(),UNHEX(REPLACE(UUID(),'-','')),UNHEX(REPLACE('0197bf2b-ced9-7e6b-a0ba-95ccc981b2f9','-','')),UNHEX(REPLACE('0197bf67-a895-7b87-ab76-8c6f331fe65a','-',''))),
(0,0,NOW(),NOW(),UNHEX(REPLACE(UUID(),'-','')),UNHEX(REPLACE('0197bf2b-ced9-7e6b-a0ba-95ccc981b2f9','-','')),UNHEX(REPLACE('0197bf67-a895-7168-9251-e08262fc9f49','-',''))),
(0,0,NOW(),NOW(),UNHEX(REPLACE(UUID(),'-','')),UNHEX(REPLACE('0197bf2b-ced9-7e6b-a0ba-95ccc981b2f9','-','')),UNHEX(REPLACE('0197bf67-a895-7458-9f2b-09086b90fcde','-',''))),
(0,0,NOW(),NOW(),UNHEX(REPLACE(UUID(),'-','')),UNHEX(REPLACE('0197bf2b-ced9-7e6b-a0ba-95ccc981b2f9','-','')),UNHEX(REPLACE('0197bf67-a895-7cd4-9868-00d5914209ff','-',''))),
(0,0,NOW(),NOW(),UNHEX(REPLACE(UUID(),'-','')),UNHEX(REPLACE('0197bf2b-ced9-7e6b-a0ba-95ccc981b2f9','-','')),UNHEX(REPLACE('0197bf67-a895-72da-a364-33a3f31ac5d3','-',''))),
(0,0,NOW(),NOW(),UNHEX(REPLACE(UUID(),'-','')),UNHEX(REPLACE('0197bf2b-ced9-7e6b-a0ba-95ccc981b2f9','-','')),UNHEX(REPLACE('0197bf67-a895-7e71-bb96-be5b1e2c31c1','-',''))),
(0,0,NOW(),NOW(),UNHEX(REPLACE(UUID(),'-','')),UNHEX(REPLACE('0197bf2b-ced9-7e6b-a0ba-95ccc981b2f9','-','')),UNHEX(REPLACE('0197bf67-a895-716b-a883-c00d6177ea20','-',''))),
(0,0,NOW(),NOW(),UNHEX(REPLACE(UUID(),'-','')),UNHEX(REPLACE('0197bf2b-ced9-7e6b-a0ba-95ccc981b2f9','-','')),UNHEX(REPLACE('0197bf67-a895-7904-b03a-cec33b60bd7b','-',''))),
(0,0,NOW(),NOW(),UNHEX(REPLACE(UUID(),'-','')),UNHEX(REPLACE('0197bf2b-ced9-7e6b-a0ba-95ccc981b2f9','-','')),UNHEX(REPLACE('0197bf67-a895-738b-83e2-0d66976c1dab','-',''))),
(0,0,NOW(),NOW(),UNHEX(REPLACE(UUID(),'-','')),UNHEX(REPLACE('0197bf2b-ced9-7e6b-a0ba-95ccc981b2f9','-','')),UNHEX(REPLACE('0197bf67-a895-712d-905d-323d4598002c','-',''))),
(0,0,NOW(),NOW(),UNHEX(REPLACE(UUID(),'-','')),UNHEX(REPLACE('0197bf2b-ced9-7e6b-a0ba-95ccc981b2f9','-','')),UNHEX(REPLACE('0197bf67-a895-76e1-b683-a221c875b940','-',''))),
(0,0,NOW(),NOW(),UNHEX(REPLACE(UUID(),'-','')),UNHEX(REPLACE('0197bf2b-ced9-78f8-a5fe-68b2e25b9192','-','')),UNHEX(REPLACE('0197bf67-a895-78e9-8dd7-23609fea8a4a','-',''))),
(0,0,NOW(),NOW(),UNHEX(REPLACE(UUID(),'-','')),UNHEX(REPLACE('0197bf2b-ced9-78f8-a5fe-68b2e25b9192','-','')),UNHEX(REPLACE('0197bf67-a895-7354-835d-4727f65a5329','-',''))),
(0,0,NOW(),NOW(),UNHEX(REPLACE(UUID(),'-','')),UNHEX(REPLACE('0197bf2b-ced9-78f8-a5fe-68b2e25b9192','-','')),UNHEX(REPLACE('0197bf67-a895-76c4-bfb8-062fbbe338bf','-',''))),
(0,0,NOW(),NOW(),UNHEX(REPLACE(UUID(),'-','')),UNHEX(REPLACE('0197bf2b-ced9-78f8-a5fe-68b2e25b9192','-','')),UNHEX(REPLACE('0197bf67-a895-7ef6-b484-f1139de728fb','-',''))),
(0,0,NOW(),NOW(),UNHEX(REPLACE(UUID(),'-','')),UNHEX(REPLACE('0197bf2b-ced9-78f8-a5fe-68b2e25b9192','-','')),UNHEX(REPLACE('0197bf67-a895-70be-84ea-00603bdce797','-',''))),
(0,0,NOW(),NOW(),UNHEX(REPLACE(UUID(),'-','')),UNHEX(REPLACE('0197bf2b-ced9-78f8-a5fe-68b2e25b9192','-','')),UNHEX(REPLACE('0197bf67-a895-7124-8792-4dee07801986','-',''))),
(0,0,NOW(),NOW(),UNHEX(REPLACE(UUID(),'-','')),UNHEX(REPLACE('0197bf2b-ced9-78f8-a5fe-68b2e25b9192','-','')),UNHEX(REPLACE('0197bf67-a895-792f-a13c-fd2881974de0','-',''))),
(0,0,NOW(),NOW(),UNHEX(REPLACE(UUID(),'-','')),UNHEX(REPLACE('0197bf2b-ced9-78f8-a5fe-68b2e25b9192','-','')),UNHEX(REPLACE('0197bf67-a895-7907-870b-191997c3cc77','-',''))),
(0,0,NOW(),NOW(),UNHEX(REPLACE(UUID(),'-','')),UNHEX(REPLACE('0197bf2b-ced9-78f8-a5fe-68b2e25b9192','-','')),UNHEX(REPLACE('0197bf67-a895-7918-abb7-8af17506dc05','-',''))),
(0,0,NOW(),NOW(),UNHEX(REPLACE(UUID(),'-','')),UNHEX(REPLACE('0197bf2b-ced9-78f8-a5fe-68b2e25b9192','-','')),UNHEX(REPLACE('0197bf67-a895-7cb1-9223-67d3240b6b5c','-',''))),
(0,0,NOW(),NOW(),UNHEX(REPLACE(UUID(),'-','')),UNHEX(REPLACE('0197bf2b-ced9-78f8-a5fe-68b2e25b9192','-','')),UNHEX(REPLACE('0197bf67-a895-700c-b99b-d16e84f03ade','-',''))),
(0,0,NOW(),NOW(),UNHEX(REPLACE(UUID(),'-','')),UNHEX(REPLACE('0197bf2b-ced9-78f8-a5fe-68b2e25b9192','-','')),UNHEX(REPLACE('0197bf67-a895-7534-aa57-add7ba948fde','-',''))),
(0,0,NOW(),NOW(),UNHEX(REPLACE(UUID(),'-','')),UNHEX(REPLACE('0197bf2b-ced9-78f8-a5fe-68b2e25b9192','-','')),UNHEX(REPLACE('0197bf67-a895-7f32-9107-25bc1916e167','-',''))),
(0,0,NOW(),NOW(),UNHEX(REPLACE(UUID(),'-','')),UNHEX(REPLACE('0197bf2b-ced9-78f8-a5fe-68b2e25b9192','-','')),UNHEX(REPLACE('0197bf67-a895-7e91-a56d-7c83685c8e3b','-',''))),
(0,0,NOW(),NOW(),UNHEX(REPLACE(UUID(),'-','')),UNHEX(REPLACE('0197bf2b-ced9-78f8-a5fe-68b2e25b9192','-','')),UNHEX(REPLACE('0197bf67-a895-7aa2-a98d-42dfbce7aa9a','-',''))),
(0,0,NOW(),NOW(),UNHEX(REPLACE(UUID(),'-','')),UNHEX(REPLACE('0197bf2b-ced9-78f8-a5fe-68b2e25b9192','-','')),UNHEX(REPLACE('0197bf67-a895-7b82-ac2c-2ed72e99d99f','-',''))),
(0,0,NOW(),NOW(),UNHEX(REPLACE(UUID(),'-','')),UNHEX(REPLACE('0197bf2b-ced9-78f8-a5fe-68b2e25b9192','-','')),UNHEX(REPLACE('0197bf67-a895-7d64-b2a3-263b71fbc123','-',''))),
(0,0,NOW(),NOW(),UNHEX(REPLACE(UUID(),'-','')),UNHEX(REPLACE('0197bf2b-ced9-78f8-a5fe-68b2e25b9192','-','')),UNHEX(REPLACE('0197bf67-a895-7a99-aafc-008d77d21562','-',''))),
(0,0,NOW(),NOW(),UNHEX(REPLACE(UUID(),'-','')),UNHEX(REPLACE('0197bf2b-ced9-78f8-a5fe-68b2e25b9192','-','')),UNHEX(REPLACE('0197bf67-a895-7882-86ca-a8620934aafe','-',''))),
(0,0,NOW(),NOW(),UNHEX(REPLACE(UUID(),'-','')),UNHEX(REPLACE('0197bf2b-ced9-78f8-a5fe-68b2e25b9192','-','')),UNHEX(REPLACE('0197bf67-a895-70e2-912f-8ff0ec176206','-',''))),
(0,0,NOW(),NOW(),UNHEX(REPLACE(UUID(),'-','')),UNHEX(REPLACE('0197bf2b-ced9-78f8-a5fe-68b2e25b9192','-','')),UNHEX(REPLACE('0197bf67-a895-7d4d-b736-4b7cf327d137','-',''))),
(0,0,NOW(),NOW(),UNHEX(REPLACE(UUID(),'-','')),UNHEX(REPLACE('0197bf2b-ced9-78f8-a5fe-68b2e25b9192','-','')),UNHEX(REPLACE('0197bf67-a895-7e36-8ee9-fb9c79e6a4f5','-',''))),
(0,0,NOW(),NOW(),UNHEX(REPLACE(UUID(),'-','')),UNHEX(REPLACE('0197bf2b-ced9-78f8-a5fe-68b2e25b9192','-','')),UNHEX(REPLACE('0197bf67-a895-7b7d-8078-67dd7310ac65','-',''))),
(0,0,NOW(),NOW(),UNHEX(REPLACE(UUID(),'-','')),UNHEX(REPLACE('0197bf2b-ced9-78f8-a5fe-68b2e25b9192','-','')),UNHEX(REPLACE('0197bf67-a895-7376-8da8-84d87d439b59','-',''))),
(0,0,NOW(),NOW(),UNHEX(REPLACE(UUID(),'-','')),UNHEX(REPLACE('0197bf2b-ced9-78f8-a5fe-68b2e25b9192','-','')),UNHEX(REPLACE('0197bf67-a895-7bd8-a456-7b6fcfd00407','-',''))),
(0,0,NOW(),NOW(),UNHEX(REPLACE(UUID(),'-','')),UNHEX(REPLACE('0197bf2b-ced9-78f8-a5fe-68b2e25b9192','-','')),UNHEX(REPLACE('0197bf67-a895-7d36-85b8-00c1861ca2f1','-',''))),
(0,0,NOW(),NOW(),UNHEX(REPLACE(UUID(),'-','')),UNHEX(REPLACE('0197bf2b-ced9-78f8-a5fe-68b2e25b9192','-','')),UNHEX(REPLACE('0197bf67-a895-7f9f-b11b-f68d83a3dd57','-',''))),
(0,0,NOW(),NOW(),UNHEX(REPLACE(UUID(),'-','')),UNHEX(REPLACE('0197bf2b-ced9-78f8-a5fe-68b2e25b9192','-','')),UNHEX(REPLACE('0197bf67-a895-7b87-ab76-8c6f331fe65a','-',''))),
(0,0,NOW(),NOW(),UNHEX(REPLACE(UUID(),'-','')),UNHEX(REPLACE('0197bf2b-ced9-78f8-a5fe-68b2e25b9192','-','')),UNHEX(REPLACE('0197bf67-a895-7168-9251-e08262fc9f49','-',''))),
(0,0,NOW(),NOW(),UNHEX(REPLACE(UUID(),'-','')),UNHEX(REPLACE('0197bf2b-ced9-78f8-a5fe-68b2e25b9192','-','')),UNHEX(REPLACE('0197bf67-a895-7458-9f2b-09086b90fcde','-',''))),
(0,0,NOW(),NOW(),UNHEX(REPLACE(UUID(),'-','')),UNHEX(REPLACE('0197bf2b-ced9-78f8-a5fe-68b2e25b9192','-','')),UNHEX(REPLACE('0197bf67-a895-7cd4-9868-00d5914209ff','-',''))),
(0,0,NOW(),NOW(),UNHEX(REPLACE(UUID(),'-','')),UNHEX(REPLACE('0197bf2b-ced9-78f8-a5fe-68b2e25b9192','-','')),UNHEX(REPLACE('0197bf67-a895-72da-a364-33a3f31ac5d3','-',''))),
(0,0,NOW(),NOW(),UNHEX(REPLACE(UUID(),'-','')),UNHEX(REPLACE('0197bf2b-ced9-78f8-a5fe-68b2e25b9192','-','')),UNHEX(REPLACE('0197bf67-a895-7e71-bb96-be5b1e2c31c1','-',''))),
(0,0,NOW(),NOW(),UNHEX(REPLACE(UUID(),'-','')),UNHEX(REPLACE('0197bf2b-ced9-78f8-a5fe-68b2e25b9192','-','')),UNHEX(REPLACE('0197bf67-a895-716b-a883-c00d6177ea20','-',''))),
(0,0,NOW(),NOW(),UNHEX(REPLACE(UUID(),'-','')),UNHEX(REPLACE('0197bf2b-ced9-78f8-a5fe-68b2e25b9192','-','')),UNHEX(REPLACE('0197bf67-a895-7904-b03a-cec33b60bd7b','-',''))),
(0,0,NOW(),NOW(),UNHEX(REPLACE(UUID(),'-','')),UNHEX(REPLACE('0197bf2b-ced9-78f8-a5fe-68b2e25b9192','-','')),UNHEX(REPLACE('0197bf67-a895-738b-83e2-0d66976c1dab','-',''))),
(0,0,NOW(),NOW(),UNHEX(REPLACE(UUID(),'-','')),UNHEX(REPLACE('0197bf2b-ced9-78f8-a5fe-68b2e25b9192','-','')),UNHEX(REPLACE('0197bf67-a895-712d-905d-323d4598002c','-',''))),
(0,0,NOW(),NOW(),UNHEX(REPLACE(UUID(),'-','')),UNHEX(REPLACE('0197bf2b-ced9-78f8-a5fe-68b2e25b9192','-','')),UNHEX(REPLACE('0197bf67-a895-76e1-b683-a221c875b940','-',''))),
(0,0,NOW(),NOW(),UNHEX(REPLACE(UUID(),'-','')),UNHEX(REPLACE('0197bf2b-ced9-7599-8382-e622a4df8904','-','')),UNHEX(REPLACE('0197bf67-a895-78e9-8dd7-23609fea8a4a','-',''))),
(0,0,NOW(),NOW(),UNHEX(REPLACE(UUID(),'-','')),UNHEX(REPLACE('0197bf2b-ced9-7599-8382-e622a4df8904','-','')),UNHEX(REPLACE('0197bf67-a895-7354-835d-4727f65a5329','-',''))),
(0,0,NOW(),NOW(),UNHEX(REPLACE(UUID(),'-','')),UNHEX(REPLACE('0197bf2b-ced9-7599-8382-e622a4df8904','-','')),UNHEX(REPLACE('0197bf67-a895-76c4-bfb8-062fbbe338bf','-',''))),
(0,0,NOW(),NOW(),UNHEX(REPLACE(UUID(),'-','')),UNHEX(REPLACE('0197bf2b-ced9-7599-8382-e622a4df8904','-','')),UNHEX(REPLACE('0197bf67-a895-7ef6-b484-f1139de728fb','-',''))),
(0,0,NOW(),NOW(),UNHEX(REPLACE(UUID(),'-','')),UNHEX(REPLACE('0197bf2b-ced9-7599-8382-e622a4df8904','-','')),UNHEX(REPLACE('0197bf67-a895-70be-84ea-00603bdce797','-',''))),
(0,0,NOW(),NOW(),UNHEX(REPLACE(UUID(),'-','')),UNHEX(REPLACE('0197bf2b-ced9-7599-8382-e622a4df8904','-','')),UNHEX(REPLACE('0197bf67-a895-7124-8792-4dee07801986','-',''))),
(0,0,NOW(),NOW(),UNHEX(REPLACE(UUID(),'-','')),UNHEX(REPLACE('0197bf2b-ced9-7599-8382-e622a4df8904','-','')),UNHEX(REPLACE('0197bf67-a895-792f-a13c-fd2881974de0','-',''))),
(0,0,NOW(),NOW(),UNHEX(REPLACE(UUID(),'-','')),UNHEX(REPLACE('0197bf2b-ced9-7599-8382-e622a4df8904','-','')),UNHEX(REPLACE('0197bf67-a895-7907-870b-191997c3cc77','-',''))),
(0,0,NOW(),NOW(),UNHEX(REPLACE(UUID(),'-','')),UNHEX(REPLACE('0197bf2b-ced9-7599-8382-e622a4df8904','-','')),UNHEX(REPLACE('0197bf67-a895-7918-abb7-8af17506dc05','-',''))),
(0,0,NOW(),NOW(),UNHEX(REPLACE(UUID(),'-','')),UNHEX(REPLACE('0197bf2b-ced9-7599-8382-e622a4df8904','-','')),UNHEX(REPLACE('0197bf67-a895-7cb1-9223-67d3240b6b5c','-',''))),
(0,0,NOW(),NOW(),UNHEX(REPLACE(UUID(),'-','')),UNHEX(REPLACE('0197bf2b-ced9-7599-8382-e622a4df8904','-','')),UNHEX(REPLACE('0197bf67-a895-700c-b99b-d16e84f03ade','-',''))),
(0,0,NOW(),NOW(),UNHEX(REPLACE(UUID(),'-','')),UNHEX(REPLACE('0197bf2b-ced9-7599-8382-e622a4df8904','-','')),UNHEX(REPLACE('0197bf67-a895-7534-aa57-add7ba948fde','-',''))),
(0,0,NOW(),NOW(),UNHEX(REPLACE(UUID(),'-','')),UNHEX(REPLACE('0197bf2b-ced9-7599-8382-e622a4df8904','-','')),UNHEX(REPLACE('0197bf67-a895-7f32-9107-25bc1916e167','-',''))),
(0,0,NOW(),NOW(),UNHEX(REPLACE(UUID(),'-','')),UNHEX(REPLACE('0197bf2b-ced9-7599-8382-e622a4df8904','-','')),UNHEX(REPLACE('0197bf67-a895-7e91-a56d-7c83685c8e3b','-',''))),
(0,0,NOW(),NOW(),UNHEX(REPLACE(UUID(),'-','')),UNHEX(REPLACE('0197bf2b-ced9-7599-8382-e622a4df8904','-','')),UNHEX(REPLACE('0197bf67-a895-7aa2-a98d-42dfbce7aa9a','-',''))),
(0,0,NOW(),NOW(),UNHEX(REPLACE(UUID(),'-','')),UNHEX(REPLACE('0197bf2b-ced9-7599-8382-e622a4df8904','-','')),UNHEX(REPLACE('0197bf67-a895-7b82-ac2c-2ed72e99d99f','-',''))),
(0,0,NOW(),NOW(),UNHEX(REPLACE(UUID(),'-','')),UNHEX(REPLACE('0197bf2b-ced9-7599-8382-e622a4df8904','-','')),UNHEX(REPLACE('0197bf67-a895-7d64-b2a3-263b71fbc123','-',''))),
(0,0,NOW(),NOW(),UNHEX(REPLACE(UUID(),'-','')),UNHEX(REPLACE('0197bf2b-ced9-7599-8382-e622a4df8904','-','')),UNHEX(REPLACE('0197bf67-a895-7a99-aafc-008d77d21562','-',''))),
(0,0,NOW(),NOW(),UNHEX(REPLACE(UUID(),'-','')),UNHEX(REPLACE('0197bf2b-ced9-7599-8382-e622a4df8904','-','')),UNHEX(REPLACE('0197bf67-a895-7882-86ca-a8620934aafe','-',''))),
(0,0,NOW(),NOW(),UNHEX(REPLACE(UUID(),'-','')),UNHEX(REPLACE('0197bf2b-ced9-7599-8382-e622a4df8904','-','')),UNHEX(REPLACE('0197bf67-a895-70e2-912f-8ff0ec176206','-',''))),
(0,0,NOW(),NOW(),UNHEX(REPLACE(UUID(),'-','')),UNHEX(REPLACE('0197bf2b-ced9-7599-8382-e622a4df8904','-','')),UNHEX(REPLACE('0197bf67-a895-7d4d-b736-4b7cf327d137','-',''))),
(0,0,NOW(),NOW(),UNHEX(REPLACE(UUID(),'-','')),UNHEX(REPLACE('0197bf2b-ced9-7599-8382-e622a4df8904','-','')),UNHEX(REPLACE('0197bf67-a895-7e36-8ee9-fb9c79e6a4f5','-',''))),
(0,0,NOW(),NOW(),UNHEX(REPLACE(UUID(),'-','')),UNHEX(REPLACE('0197bf2b-ced9-7599-8382-e622a4df8904','-','')),UNHEX(REPLACE('0197bf67-a895-7b7d-8078-67dd7310ac65','-',''))),
(0,0,NOW(),NOW(),UNHEX(REPLACE(UUID(),'-','')),UNHEX(REPLACE('0197bf2b-ced9-7599-8382-e622a4df8904','-','')),UNHEX(REPLACE('0197bf67-a895-7376-8da8-84d87d439b59','-',''))),
(0,0,NOW(),NOW(),UNHEX(REPLACE(UUID(),'-','')),UNHEX(REPLACE('0197bf2b-ced9-7599-8382-e622a4df8904','-','')),UNHEX(REPLACE('0197bf67-a895-7bd8-a456-7b6fcfd00407','-',''))),
(0,0,NOW(),NOW(),UNHEX(REPLACE(UUID(),'-','')),UNHEX(REPLACE('0197bf2b-ced9-7599-8382-e622a4df8904','-','')),UNHEX(REPLACE('0197bf67-a895-7d36-85b8-00c1861ca2f1','-',''))),
(0,0,NOW(),NOW(),UNHEX(REPLACE(UUID(),'-','')),UNHEX(REPLACE('0197bf2b-ced9-7599-8382-e622a4df8904','-','')),UNHEX(REPLACE('0197bf67-a895-7f9f-b11b-f68d83a3dd57','-',''))),
(0,0,NOW(),NOW(),UNHEX(REPLACE(UUID(),'-','')),UNHEX(REPLACE('0197bf2b-ced9-7599-8382-e622a4df8904','-','')),UNHEX(REPLACE('0197bf67-a895-7b87-ab76-8c6f331fe65a','-',''))),
(0,0,NOW(),NOW(),UNHEX(REPLACE(UUID(),'-','')),UNHEX(REPLACE('0197bf2b-ced9-7599-8382-e622a4df8904','-','')),UNHEX(REPLACE('0197bf67-a895-7168-9251-e08262fc9f49','-',''))),
(0,0,NOW(),NOW(),UNHEX(REPLACE(UUID(),'-','')),UNHEX(REPLACE('0197bf2b-ced9-7599-8382-e622a4df8904','-','')),UNHEX(REPLACE('0197bf67-a895-7458-9f2b-09086b90fcde','-',''))),
(0,0,NOW(),NOW(),UNHEX(REPLACE(UUID(),'-','')),UNHEX(REPLACE('0197bf2b-ced9-7599-8382-e622a4df8904','-','')),UNHEX(REPLACE('0197bf67-a895-7cd4-9868-00d5914209ff','-',''))),
(0,0,NOW(),NOW(),UNHEX(REPLACE(UUID(),'-','')),UNHEX(REPLACE('0197bf2b-ced9-7599-8382-e622a4df8904','-','')),UNHEX(REPLACE('0197bf67-a895-72da-a364-33a3f31ac5d3','-',''))),
(0,0,NOW(),NOW(),UNHEX(REPLACE(UUID(),'-','')),UNHEX(REPLACE('0197bf2b-ced9-7599-8382-e622a4df8904','-','')),UNHEX(REPLACE('0197bf67-a895-7e71-bb96-be5b1e2c31c1','-',''))),
(0,0,NOW(),NOW(),UNHEX(REPLACE(UUID(),'-','')),UNHEX(REPLACE('0197bf2b-ced9-7599-8382-e622a4df8904','-','')),UNHEX(REPLACE('0197bf67-a895-716b-a883-c00d6177ea20','-',''))),
(0,0,NOW(),NOW(),UNHEX(REPLACE(UUID(),'-','')),UNHEX(REPLACE('0197bf2b-ced9-7599-8382-e622a4df8904','-','')),UNHEX(REPLACE('0197bf67-a895-7904-b03a-cec33b60bd7b','-',''))),
(0,0,NOW(),NOW(),UNHEX(REPLACE(UUID(),'-','')),UNHEX(REPLACE('0197bf2b-ced9-7599-8382-e622a4df8904','-','')),UNHEX(REPLACE('0197bf67-a895-738b-83e2-0d66976c1dab','-',''))),
(0,0,NOW(),NOW(),UNHEX(REPLACE(UUID(),'-','')),UNHEX(REPLACE('0197bf2b-ced9-7599-8382-e622a4df8904','-','')),UNHEX(REPLACE('0197bf67-a895-712d-905d-323d4598002c','-',''))),
(0,0,NOW(),NOW(),UNHEX(REPLACE(UUID(),'-','')),UNHEX(REPLACE('0197bf2b-ced9-7599-8382-e622a4df8904','-','')),UNHEX(REPLACE('0197bf67-a895-76e1-b683-a221c875b940','-','')));
-- 프로젝트 어사인 10개 넣기
INSERT INTO mywork_db.project_assign (created_at, client_company_id, dev_company_id, id, project_id) VALUES
('2025-06-11 14:00:00', UNHEX(REPLACE('0197bf2b-ced9-7cc2-a9d7-b691982482a8','-','')), UNHEX(REPLACE('0197bf2b-ced9-7a19-a9e5-46cb3f391663','-','')), UNHEX(REPLACE('0197bf7f-19a7-7fa3-8f69-b9d6490e0284','-','')), UNHEX(REPLACE('0197bf67-a895-78e9-8dd7-23609fea8a4a','-',''))),
('2025-06-11 14:00:00', UNHEX(REPLACE('0197bf2b-ced9-7cc2-a9d7-b691982482a8','-','')), UNHEX(REPLACE('0197bf2b-ced9-7a19-a9e5-46cb3f391663','-','')), UNHEX(REPLACE('0197bf7f-19a7-7642-931b-be9ca37a956d','-','')), UNHEX(REPLACE('0197bf67-a895-7354-835d-4727f65a5329','-',''))),
('2025-06-11 14:00:00', UNHEX(REPLACE('0197bf2b-ced9-7cc2-a9d7-b691982482a8','-','')), UNHEX(REPLACE('0197bf2b-ced9-7a19-a9e5-46cb3f391663','-','')), UNHEX(REPLACE('0197bf7f-19a7-7af5-a24d-a8cb42d2381a','-','')), UNHEX(REPLACE('0197bf67-a895-76c4-bfb8-062fbbe338bf','-',''))),
('2025-06-11 14:00:00', UNHEX(REPLACE('0197bf2b-ced9-7cc2-a9d7-b691982482a8','-','')), UNHEX(REPLACE('0197bf2b-ced9-7a19-a9e5-46cb3f391663','-','')), UNHEX(REPLACE('0197bf7f-19a7-7c7d-bcce-c2cffdaa97da','-','')), UNHEX(REPLACE('0197bf67-a895-7ef6-b484-f1139de728fb','-',''))),
('2025-06-11 14:00:00', UNHEX(REPLACE('0197bf2b-ced9-7cc2-a9d7-b691982482a8','-','')), UNHEX(REPLACE('0197bf2b-ced9-7a19-a9e5-46cb3f391663','-','')), UNHEX(REPLACE('0197bf7f-19a7-7737-9694-e09ea924945f','-','')), UNHEX(REPLACE('0197bf67-a895-70be-84ea-00603bdce797','-',''))),
('2025-06-11 14:00:00', UNHEX(REPLACE('0197bf2b-ced9-7cc2-a9d7-b691982482a8','-','')), UNHEX(REPLACE('0197bf2b-ced9-7a19-a9e5-46cb3f391663','-','')), UNHEX(REPLACE('0197bf7f-19a7-7e4b-95c3-b4597ee5b7da','-','')), UNHEX(REPLACE('0197bf67-a895-7124-8792-4dee07801986','-',''))),
('2025-06-11 14:00:00', UNHEX(REPLACE('0197bf2b-ced9-7cc2-a9d7-b691982482a8','-','')), UNHEX(REPLACE('0197bf2b-ced9-7a19-a9e5-46cb3f391663','-','')), UNHEX(REPLACE('0197bf7f-19a7-7ec1-8546-a309b0816193','-','')), UNHEX(REPLACE('0197bf67-a895-792f-a13c-fd2881974de0','-',''))),
('2025-06-11 14:00:00', UNHEX(REPLACE('0197bf2b-ced9-7cc2-a9d7-b691982482a8','-','')), UNHEX(REPLACE('0197bf2b-ced9-7a19-a9e5-46cb3f391663','-','')), UNHEX(REPLACE('0197bf7f-19a7-77b8-8fa2-94d92355dde4','-','')), UNHEX(REPLACE('0197bf67-a895-7907-870b-191997c3cc77','-',''))),
('2025-06-11 14:00:00', UNHEX(REPLACE('0197bf2b-ced9-7cc2-a9d7-b691982482a8','-','')), UNHEX(REPLACE('0197bf2b-ced9-7a19-a9e5-46cb3f391663','-','')), UNHEX(REPLACE('0197bf7f-19a7-720a-8a9f-c7157f624848','-','')), UNHEX(REPLACE('0197bf67-a895-7918-abb7-8af17506dc05','-',''))),
('2025-06-11 14:00:00', UNHEX(REPLACE('0197bf2b-ced9-7cc2-a9d7-b691982482a8','-','')), UNHEX(REPLACE('0197bf2b-ced9-7a19-a9e5-46cb3f391663','-','')), UNHEX(REPLACE('0197bf7f-19a7-7fc6-82ec-fff36a53f980','-','')), UNHEX(REPLACE('0197bf67-a895-7cb1-9223-67d3240b6b5c','-',''))),
('2025-06-11 14:00:00', UNHEX(REPLACE('0197bf2b-ced9-7cc2-a9d7-b691982482a8','-','')), UNHEX(REPLACE('0197bf2b-ced9-7a19-a9e5-46cb3f391663','-','')), UNHEX(REPLACE('0197bf7f-19a7-7ed3-aa86-ad491a1a3686','-','')), UNHEX(REPLACE('0197bf67-a895-700c-b99b-d16e84f03ade','-',''))),
('2025-06-11 14:00:00', UNHEX(REPLACE('0197bf2b-ced9-7cc2-a9d7-b691982482a8','-','')), UNHEX(REPLACE('0197bf2b-ced9-7a19-a9e5-46cb3f391663','-','')), UNHEX(REPLACE('0197bf7f-19a7-7fa3-9024-088350769334','-','')), UNHEX(REPLACE('0197bf67-a895-7534-aa57-add7ba948fde','-',''))),
('2025-06-11 14:00:00', UNHEX(REPLACE('0197bf2b-ced9-7cc2-a9d7-b691982482a8','-','')), UNHEX(REPLACE('0197bf2b-ced9-7a19-a9e5-46cb3f391663','-','')), UNHEX(REPLACE('0197bf7f-19a7-72e4-a947-3c14020bb04f','-','')), UNHEX(REPLACE('0197bf67-a895-7f32-9107-25bc1916e167','-',''))),
('2025-06-11 14:00:00', UNHEX(REPLACE('0197bf2b-ced9-7cc2-a9d7-b691982482a8','-','')), UNHEX(REPLACE('0197bf2b-ced9-7a19-a9e5-46cb3f391663','-','')), UNHEX(REPLACE('0197bf7f-19a7-7047-9f7d-ca0b565668f5','-','')), UNHEX(REPLACE('0197bf67-a895-7e91-a56d-7c83685c8e3b','-',''))),
('2025-06-11 14:00:00', UNHEX(REPLACE('0197bf2b-ced9-7cc2-a9d7-b691982482a8','-','')), UNHEX(REPLACE('0197bf2b-ced9-7a19-a9e5-46cb3f391663','-','')), UNHEX(REPLACE('0197bf7f-19a7-784d-ac03-3afab20703cb','-','')), UNHEX(REPLACE('0197bf67-a895-7aa2-a98d-42dfbce7aa9a','-',''))),
('2025-06-11 14:00:00', UNHEX(REPLACE('0197bf2b-ced9-7cc2-a9d7-b691982482a8','-','')), UNHEX(REPLACE('0197bf2b-ced9-7a19-a9e5-46cb3f391663','-','')), UNHEX(REPLACE('0197bf7f-19a7-78fa-96b5-fcebc5f28da3','-','')), UNHEX(REPLACE('0197bf67-a895-7b82-ac2c-2ed72e99d99f','-',''))),
('2025-06-11 14:00:00', UNHEX(REPLACE('0197bf2b-ced9-7cc2-a9d7-b691982482a8','-','')), UNHEX(REPLACE('0197bf2b-ced9-7a19-a9e5-46cb3f391663','-','')), UNHEX(REPLACE('0197bf7f-19a7-7af7-844e-8c43b87607d6','-','')), UNHEX(REPLACE('0197bf67-a895-7d64-b2a3-263b71fbc123','-',''))),
('2025-06-11 14:00:00', UNHEX(REPLACE('0197bf2b-ced9-7cc2-a9d7-b691982482a8','-','')), UNHEX(REPLACE('0197bf2b-ced9-7a19-a9e5-46cb3f391663','-','')), UNHEX(REPLACE('0197bf7f-19a7-776a-bb34-3c10bd89f725','-','')), UNHEX(REPLACE('0197bf67-a895-7a99-aafc-008d77d21562','-',''))),
('2025-06-11 14:00:00', UNHEX(REPLACE('0197bf2b-ced9-7cc2-a9d7-b691982482a8','-','')), UNHEX(REPLACE('0197bf2b-ced9-7a19-a9e5-46cb3f391663','-','')), UNHEX(REPLACE('0197bf7f-19a7-7e48-9fb9-06d34fba1302','-','')), UNHEX(REPLACE('0197bf67-a895-7882-86ca-a8620934aafe','-',''))),
('2025-06-11 14:00:00', UNHEX(REPLACE('0197bf2b-ced9-7cc2-a9d7-b691982482a8','-','')), UNHEX(REPLACE('0197bf2b-ced9-7a19-a9e5-46cb3f391663','-','')), UNHEX(REPLACE('0197bf7f-19a7-76cd-82ba-2cfba7810533','-','')), UNHEX(REPLACE('0197bf67-a895-70e2-912f-8ff0ec176206','-',''))),
('2025-06-11 14:00:00', UNHEX(REPLACE('0197bf2b-ced9-7cc2-a9d7-b691982482a8','-','')), UNHEX(REPLACE('0197bf2b-ced9-7a19-a9e5-46cb3f391663','-','')), UNHEX(REPLACE('0197bf7f-19a7-77f4-8c96-d9b9ecb3e65b','-','')), UNHEX(REPLACE('0197bf67-a895-7d4d-b736-4b7cf327d137','-',''))),
('2025-06-11 14:00:00', UNHEX(REPLACE('0197bf2b-ced9-7cc2-a9d7-b691982482a8','-','')), UNHEX(REPLACE('0197bf2b-ced9-7a19-a9e5-46cb3f391663','-','')), UNHEX(REPLACE('0197bf7f-19a7-7a78-a0e6-2da3687cf936','-','')), UNHEX(REPLACE('0197bf67-a895-7e36-8ee9-fb9c79e6a4f5','-',''))),
('2025-06-11 14:00:00', UNHEX(REPLACE('0197bf2b-ced9-7cc2-a9d7-b691982482a8','-','')), UNHEX(REPLACE('0197bf2b-ced9-7a19-a9e5-46cb3f391663','-','')), UNHEX(REPLACE('0197bf7f-19a7-7baf-959e-96bf6674ef20','-','')), UNHEX(REPLACE('0197bf67-a895-7b7d-8078-67dd7310ac65','-',''))),
('2025-06-11 14:00:00', UNHEX(REPLACE('0197bf2b-ced9-7cc2-a9d7-b691982482a8','-','')), UNHEX(REPLACE('0197bf2b-ced9-7a19-a9e5-46cb3f391663','-','')), UNHEX(REPLACE('0197bf7f-19a7-71a2-a2b6-1b5dd2b33054','-','')), UNHEX(REPLACE('0197bf67-a895-7376-8da8-84d87d439b59','-',''))),
('2025-06-11 14:00:00', UNHEX(REPLACE('0197bf2b-ced9-7cc2-a9d7-b691982482a8','-','')), UNHEX(REPLACE('0197bf2b-ced9-7a19-a9e5-46cb3f391663','-','')), UNHEX(REPLACE('0197bf7f-19a7-7a27-ae97-9a64635538bb','-','')), UNHEX(REPLACE('0197bf67-a895-7bd8-a456-7b6fcfd00407','-',''))),
('2025-06-11 14:00:00', UNHEX(REPLACE('0197bf2b-ced9-7cc2-a9d7-b691982482a8','-','')), UNHEX(REPLACE('0197bf2b-ced9-7a19-a9e5-46cb3f391663','-','')), UNHEX(REPLACE('0197bf7f-19a7-7fdd-bb8a-7f3b50a5b2cb','-','')), UNHEX(REPLACE('0197bf67-a895-7d36-85b8-00c1861ca2f1','-',''))),
('2025-06-11 14:00:00', UNHEX(REPLACE('0197bf2b-ced9-7cc2-a9d7-b691982482a8','-','')), UNHEX(REPLACE('0197bf2b-ced9-7a19-a9e5-46cb3f391663','-','')), UNHEX(REPLACE('0197bf7f-19a7-701c-b14e-c92167b335f6','-','')), UNHEX(REPLACE('0197bf67-a895-7f9f-b11b-f68d83a3dd57','-',''))),
('2025-06-11 14:00:00', UNHEX(REPLACE('0197bf2b-ced9-7cc2-a9d7-b691982482a8','-','')), UNHEX(REPLACE('0197bf2b-ced9-7a19-a9e5-46cb3f391663','-','')), UNHEX(REPLACE('0197bf7f-19a7-73c3-9e2e-f078e1b24d6b','-','')), UNHEX(REPLACE('0197bf67-a895-7b87-ab76-8c6f331fe65a','-',''))),
('2025-06-11 14:00:00', UNHEX(REPLACE('0197bf2b-ced9-7cc2-a9d7-b691982482a8','-','')), UNHEX(REPLACE('0197bf2b-ced9-7a19-a9e5-46cb3f391663','-','')), UNHEX(REPLACE('0197bf7f-19a7-7f19-84a3-5a7d88e4ca59','-','')), UNHEX(REPLACE('0197bf67-a895-7168-9251-e08262fc9f49','-',''))),
('2025-06-11 14:00:00', UNHEX(REPLACE('0197bf2b-ced9-7cc2-a9d7-b691982482a8','-','')), UNHEX(REPLACE('0197bf2b-ced9-7a19-a9e5-46cb3f391663','-','')), UNHEX(REPLACE('0197bf7f-19a7-765e-8b8b-b90985b4ca87','-','')), UNHEX(REPLACE('0197bf67-a895-7458-9f2b-09086b90fcde','-',''))),
('2025-06-11 14:00:00', UNHEX(REPLACE('0197bf2b-ced9-7cc2-a9d7-b691982482a8','-','')), UNHEX(REPLACE('0197bf2b-ced9-7a19-a9e5-46cb3f391663','-','')), UNHEX(REPLACE('0197bf7f-19a7-7b14-bd46-a1e2c21afbf3','-','')), UNHEX(REPLACE('0197bf67-a895-7cd4-9868-00d5914209ff','-',''))),
('2025-06-11 14:00:00', UNHEX(REPLACE('0197bf2b-ced9-7cc2-a9d7-b691982482a8','-','')), UNHEX(REPLACE('0197bf2b-ced9-7a19-a9e5-46cb3f391663','-','')), UNHEX(REPLACE('0197bf7f-19a7-7b18-97ff-bee5013ceded','-','')), UNHEX(REPLACE('0197bf67-a895-72da-a364-33a3f31ac5d3','-',''))),
('2025-06-11 14:00:00', UNHEX(REPLACE('0197bf2b-ced9-7cc2-a9d7-b691982482a8','-','')), UNHEX(REPLACE('0197bf2b-ced9-7a19-a9e5-46cb3f391663','-','')), UNHEX(REPLACE('0197bf7f-19a7-7856-94b4-eea91600f34a','-','')), UNHEX(REPLACE('0197bf67-a895-7e71-bb96-be5b1e2c31c1','-',''))),
('2025-06-11 14:00:00', UNHEX(REPLACE('0197bf2b-ced9-7cc2-a9d7-b691982482a8','-','')), UNHEX(REPLACE('0197bf2b-ced9-7a19-a9e5-46cb3f391663','-','')), UNHEX(REPLACE('0197bf7f-19a7-737f-866a-38a4102dd193','-','')), UNHEX(REPLACE('0197bf67-a895-716b-a883-c00d6177ea20','-',''))),
('2025-06-11 14:00:00', UNHEX(REPLACE('0197bf2b-ced9-7cc2-a9d7-b691982482a8','-','')), UNHEX(REPLACE('0197bf2b-ced9-7a19-a9e5-46cb3f391663','-','')), UNHEX(REPLACE('0197bf7f-19a7-7b2a-84dd-6cd34b0e6579','-','')), UNHEX(REPLACE('0197bf67-a895-7904-b03a-cec33b60bd7b','-',''))),
('2025-06-11 14:00:00', UNHEX(REPLACE('0197bf2b-ced9-7cc2-a9d7-b691982482a8','-','')), UNHEX(REPLACE('0197bf2b-ced9-7a19-a9e5-46cb3f391663','-','')), UNHEX(REPLACE('0197bf7f-19a7-7cad-9a43-eb8b4a9fda92','-','')), UNHEX(REPLACE('0197bf67-a895-738b-83e2-0d66976c1dab','-',''))),
('2025-06-11 14:00:00', UNHEX(REPLACE('0197bf2b-ced9-7cc2-a9d7-b691982482a8','-','')), UNHEX(REPLACE('0197bf2b-ced9-7a19-a9e5-46cb3f391663','-','')), UNHEX(REPLACE('0197bf7f-19a7-74a9-90c3-7a21a6b316a6','-','')), UNHEX(REPLACE('0197bf67-a895-712d-905d-323d4598002c','-',''))),
('2025-06-11 14:00:00', UNHEX(REPLACE('0197bf2b-ced9-7cc2-a9d7-b691982482a8','-','')), UNHEX(REPLACE('0197bf2b-ced9-7a19-a9e5-46cb3f391663','-','')), UNHEX(REPLACE('0197bf7f-19a7-7875-931d-52532db9ef4b','-','')), UNHEX(REPLACE('0197bf67-a895-76e1-b683-a221c875b940','-','')));
-- 프로젝트 스탭 프로젝트1번에 대해서만 깔끔하게 작성
INSERT INTO mywork_db.project_step(id, project_id, order_num, title, created_at)
VALUES
    (UNHEX(REPLACE('0197bf8b-e101-7654-a061-84620a0e6465','-','')), UNHEX(REPLACE('0197bf67-a895-700c-b99b-d16e84f03ade','-','')), 1, '요구사항 분석', CURRENT_TIMESTAMP(6)),
    (UNHEX(REPLACE('0197bf8b-e101-736a-bac8-9e54472fffb3','-','')), UNHEX(REPLACE('0197bf67-a895-700c-b99b-d16e84f03ade','-','')), 2, '기획 및 설계', CURRENT_TIMESTAMP(6)),
    (UNHEX(REPLACE('0197bf8b-e101-763a-b34f-74cf1b29162b','-','')), UNHEX(REPLACE('0197bf67-a895-700c-b99b-d16e84f03ade','-','')), 3, '개발', CURRENT_TIMESTAMP(6)),
    (UNHEX(REPLACE('0197bf8b-e101-775c-a658-c1690dcfce72','-','')), UNHEX(REPLACE('0197bf67-a895-700c-b99b-d16e84f03ade','-','')), 4, '테스트 및 검수', CURRENT_TIMESTAMP(6)),
    (UNHEX(REPLACE('0197bf8b-e101-70c6-b46e-10c534ec0689','-','')), UNHEX(REPLACE('0197bf67-a895-700c-b99b-d16e84f03ade','-','')), 5, '배포 및 교육', CURRENT_TIMESTAMP(6));

-- 프로젝트 스탭 프로젝트 1번에 in 스탭 in 글 10건 씩.
INSERT INTO mywork_db.post (deleted, created_at, modified_at, id, project_step_id, approval, author_name, company_name, title, content) VALUES
(0, '2024-07-01 10:00:00', '2024-07-01 10:00:00', UNHEX(REPLACE('93db5b36-b39b-4801-9c5c-b84c29d916c9','-','')), UNHEX(REPLACE('0197bf8b-e101-7654-a061-84620a0e6465','-','')), 'APPROVED', '최고은', '주식회사 지엠로지스', '요구사항 회의 결과 공유', '요구사항 검토 및 정리를 완료하였습니다. 관련 자료를 확인해주세요.'),
(0, '2024-07-02 10:00:00', '2024-07-02 10:00:00', UNHEX(REPLACE('3b81bc85-1c74-4987-9e90-8eea9c8fab0c','-','')), UNHEX(REPLACE('0197bf8b-e101-7654-a061-84620a0e6465','-','')), 'PENDING', '이하린', '주식회사 지엠로지스', '업무 프로세스 정리', '요구사항 검토 및 정리를 완료하였습니다. 관련 자료를 확인해주세요.'),
(0, '2024-07-03 10:00:00', '2024-07-03 10:00:00', UNHEX(REPLACE('ad1f995f-9102-4ae8-ada2-05d04e167f23','-','')), UNHEX(REPLACE('0197bf8b-e101-7654-a061-84620a0e6465','-','')), 'APPROVED', '최고은', '주식회사 지엠로지스', '클라이언트 요청사항 정리', '요구사항 검토 및 정리를 완료하였습니다. 관련 자료를 확인해주세요.'),
(0, '2024-07-04 10:00:00', '2024-07-04 10:00:00', UNHEX(REPLACE('f4432741-51e3-4fbb-ba2a-dc32e180703b','-','')), UNHEX(REPLACE('0197bf8b-e101-7654-a061-84620a0e6465','-','')), 'PENDING', '이하린', '주식회사 지엠로지스', '요구사항 변경 요청', '요구사항 검토 및 정리를 완료하였습니다. 관련 자료를 확인해주세요.'),
(0, '2024-07-05 10:00:00', '2024-07-05 10:00:00', UNHEX(REPLACE('7a0fe9bc-f7cf-4290-996d-8922e80d56ae','-','')), UNHEX(REPLACE('0197bf8b-e101-7654-a061-84620a0e6465','-','')), 'APPROVED', '최고은', '주식회사 지엠로지스', '비즈니스 요구사항 추가 검토', '요구사항 검토 및 정리를 완료하였습니다. 관련 자료를 확인해주세요.'),
(0, '2024-07-06 10:00:00', '2024-07-06 10:00:00', UNHEX(REPLACE('190f35a5-75f2-493e-8e53-79b0ab77ddfd','-','')), UNHEX(REPLACE('0197bf8b-e101-7654-a061-84620a0e6465','-','')), 'PENDING', '이하린', '주식회사 지엠로지스', '요구사항 회의 결과 공유', '요구사항 검토 및 정리를 완료하였습니다. 관련 자료를 확인해주세요.'),
(0, '2024-07-07 10:00:00', '2024-07-07 10:00:00', UNHEX(REPLACE('37961e98-6daa-4b80-841e-6d7252c7e551','-','')), UNHEX(REPLACE('0197bf8b-e101-7654-a061-84620a0e6465','-','')), 'APPROVED', '최고은', '주식회사 지엠로지스', '업무 프로세스 정리', '요구사항 검토 및 정리를 완료하였습니다. 관련 자료를 확인해주세요.'),
(0, '2024-07-08 10:00:00', '2024-07-08 10:00:00', UNHEX(REPLACE('272464b2-5c50-480a-a37d-12c418855dde','-','')), UNHEX(REPLACE('0197bf8b-e101-7654-a061-84620a0e6465','-','')), 'PENDING', '이하린', '주식회사 지엠로지스', '클라이언트 요청사항 정리', '요구사항 검토 및 정리를 완료하였습니다. 관련 자료를 확인해주세요.'),
(0, '2024-07-09 10:00:00', '2024-07-09 10:00:00', UNHEX(REPLACE('f1babb1c-b4fc-49b0-a190-6f2f22c0fe90','-','')), UNHEX(REPLACE('0197bf8b-e101-7654-a061-84620a0e6465','-','')), 'APPROVED', '최고은', '주식회사 지엠로지스', '요구사항 변경 요청', '요구사항 검토 및 정리를 완료하였습니다. 관련 자료를 확인해주세요.'),
(0, '2024-07-10 10:00:00', '2024-07-10 10:00:00', UNHEX(REPLACE('09dab2a1-42fc-452b-934f-1d5582eaaf59','-','')), UNHEX(REPLACE('0197bf8b-e101-7654-a061-84620a0e6465','-','')), 'PENDING', '이하린', '주식회사 지엠로지스', '비즈니스 요구사항 추가 검토', '요구사항 검토 및 정리를 완료하였습니다. 관련 자료를 확인해주세요.'),
(0, '2024-07-11 10:00:00', '2024-07-11 10:00:00', UNHEX(REPLACE('ea4c7b1f-82d4-4653-bc02-c3bf54f4ed6d','-','')), UNHEX(REPLACE('0197bf8b-e101-7654-a061-84620a0e6465','-','')), 'APPROVED', '최고은', '주식회사 지엠로지스', '요구사항 회의 결과 공유', '요구사항 검토 및 정리를 완료하였습니다. 관련 자료를 확인해주세요.'),
(0, '2024-07-12 10:00:00', '2024-07-12 10:00:00', UNHEX(REPLACE('29505cbb-2602-4bd9-be30-61f435b5523e','-','')), UNHEX(REPLACE('0197bf8b-e101-7654-a061-84620a0e6465','-','')), 'PENDING', '이하린', '주식회사 지엠로지스', '업무 프로세스 정리', '요구사항 검토 및 정리를 완료하였습니다. 관련 자료를 확인해주세요.'),
(0, '2024-07-13 10:00:00', '2024-07-13 10:00:00', UNHEX(REPLACE('f041e3e7-5a83-4b5a-84c4-7a8bfbfe1d79','-','')), UNHEX(REPLACE('0197bf8b-e101-7654-a061-84620a0e6465','-','')), 'APPROVED', '최고은', '주식회사 지엠로지스', '클라이언트 요청사항 정리', '요구사항 검토 및 정리를 완료하였습니다. 관련 자료를 확인해주세요.'),
(0, '2024-07-14 10:00:00', '2024-07-14 10:00:00', UNHEX(REPLACE('6d16f96e-f436-4fce-87e8-5289c5d89ac2','-','')), UNHEX(REPLACE('0197bf8b-e101-7654-a061-84620a0e6465','-','')), 'PENDING', '이하린', '주식회사 지엠로지스', '요구사항 변경 요청', '요구사항 검토 및 정리를 완료하였습니다. 관련 자료를 확인해주세요.'),
(0, '2024-07-15 10:00:00', '2024-07-15 10:00:00', UNHEX(REPLACE('c1a6e006-577c-49ea-be9e-cc7c70841e7a','-','')), UNHEX(REPLACE('0197bf8b-e101-7654-a061-84620a0e6465','-','')), 'APPROVED', '최고은', '주식회사 지엠로지스', '비즈니스 요구사항 추가 검토', '요구사항 검토 및 정리를 완료하였습니다. 관련 자료를 확인해주세요.'),
(0, '2024-07-21 10:00:00', '2024-07-21 10:00:00', UNHEX(REPLACE('a074865c-5d92-46b7-944a-92facca8fdc5','-','')), UNHEX(REPLACE('0197bf8b-e101-736a-bac8-9e54472fffb3','-','')), 'APPROVED', '최고은', '주식회사 지엠로지스', '화면 설계안 초안', '설계 관련 초안을 공유드리며, 검토 후 의견 부탁드립니다.'),
(0, '2024-07-22 10:00:00', '2024-07-22 10:00:00', UNHEX(REPLACE('c6d18139-ac6b-4272-bc92-a20a191fa657','-','')), UNHEX(REPLACE('0197bf8b-e101-736a-bac8-9e54472fffb3','-','')), 'PENDING', '이하린', '주식회사 지엠로지스', '기능 목록 정리', '설계 관련 초안을 공유드리며, 검토 후 의견 부탁드립니다.'),
(0, '2024-07-23 10:00:00', '2024-07-23 10:00:00', UNHEX(REPLACE('32897bd0-2937-49f7-aaff-401e0709bec1','-','')), UNHEX(REPLACE('0197bf8b-e101-736a-bac8-9e54472fffb3','-','')), 'APPROVED', '최고은', '주식회사 지엠로지스', '기획서 버전 공유', '설계 관련 초안을 공유드리며, 검토 후 의견 부탁드립니다.'),
(0, '2024-07-24 10:00:00', '2024-07-24 10:00:00', UNHEX(REPLACE('8ef30031-4c49-442a-8892-bee924d03f88','-','')), UNHEX(REPLACE('0197bf8b-e101-736a-bac8-9e54472fffb3','-','')), 'PENDING', '이하린', '주식회사 지엠로지스', 'UX/UI 개선 아이디어', '설계 관련 초안을 공유드리며, 검토 후 의견 부탁드립니다.'),
(0, '2024-07-25 10:00:00', '2024-07-25 10:00:00', UNHEX(REPLACE('1434d725-20ce-4de0-8bb7-80702531a6ad','-','')), UNHEX(REPLACE('0197bf8b-e101-736a-bac8-9e54472fffb3','-','')), 'APPROVED', '최고은', '주식회사 지엠로지스', '화면 플로우 확정안', '설계 관련 초안을 공유드리며, 검토 후 의견 부탁드립니다.'),
(0, '2024-07-26 10:00:00', '2024-07-26 10:00:00', UNHEX(REPLACE('2aeadc6d-4ad2-46dd-a94d-7c3d74eccd24','-','')), UNHEX(REPLACE('0197bf8b-e101-736a-bac8-9e54472fffb3','-','')), 'PENDING', '이하린', '주식회사 지엠로지스', '화면 설계안 초안', '설계 관련 초안을 공유드리며, 검토 후 의견 부탁드립니다.'),
(0, '2024-07-27 10:00:00', '2024-07-27 10:00:00', UNHEX(REPLACE('163b1140-0f05-4b9e-9ac5-2b9c27602caa','-','')), UNHEX(REPLACE('0197bf8b-e101-736a-bac8-9e54472fffb3','-','')), 'APPROVED', '최고은', '주식회사 지엠로지스', '기능 목록 정리', '설계 관련 초안을 공유드리며, 검토 후 의견 부탁드립니다.'),
(0, '2024-07-28 10:00:00', '2024-07-28 10:00:00', UNHEX(REPLACE('323e1c96-45bc-4430-98a1-b23e9dc447a9','-','')), UNHEX(REPLACE('0197bf8b-e101-736a-bac8-9e54472fffb3','-','')), 'PENDING', '이하린', '주식회사 지엠로지스', '기획서 버전 공유', '설계 관련 초안을 공유드리며, 검토 후 의견 부탁드립니다.'),
(0, '2024-07-29 10:00:00', '2024-07-29 10:00:00', UNHEX(REPLACE('443feba5-a7f0-4893-a957-63e62d6e9430','-','')), UNHEX(REPLACE('0197bf8b-e101-736a-bac8-9e54472fffb3','-','')), 'APPROVED', '최고은', '주식회사 지엠로지스', 'UX/UI 개선 아이디어', '설계 관련 초안을 공유드리며, 검토 후 의견 부탁드립니다.'),
(0, '2024-07-30 10:00:00', '2024-07-30 10:00:00', UNHEX(REPLACE('d55df6da-906f-4802-ab63-7b5345c19e54','-','')), UNHEX(REPLACE('0197bf8b-e101-736a-bac8-9e54472fffb3','-','')), 'PENDING', '이하린', '주식회사 지엠로지스', '화면 플로우 확정안', '설계 관련 초안을 공유드리며, 검토 후 의견 부탁드립니다.'),
(0, '2024-07-31 10:00:00', '2024-07-31 10:00:00', UNHEX(REPLACE('a05df030-bae4-4075-ab53-5c8f4dd31fc0','-','')), UNHEX(REPLACE('0197bf8b-e101-736a-bac8-9e54472fffb3','-','')), 'APPROVED', '최고은', '주식회사 지엠로지스', '화면 설계안 초안', '설계 관련 초안을 공유드리며, 검토 후 의견 부탁드립니다.'),
(0, '2024-08-01 10:00:00', '2024-08-01 10:00:00', UNHEX(REPLACE('29a44077-5b5a-438d-bc37-fe01163880a2','-','')), UNHEX(REPLACE('0197bf8b-e101-736a-bac8-9e54472fffb3','-','')), 'PENDING', '이하린', '주식회사 지엠로지스', '기능 목록 정리', '설계 관련 초안을 공유드리며, 검토 후 의견 부탁드립니다.'),
(0, '2024-08-02 10:00:00', '2024-08-02 10:00:00', UNHEX(REPLACE('72fe3e48-0e1f-43b4-b054-660e6f8596f8','-','')), UNHEX(REPLACE('0197bf8b-e101-736a-bac8-9e54472fffb3','-','')), 'APPROVED', '최고은', '주식회사 지엠로지스', '기획서 버전 공유', '설계 관련 초안을 공유드리며, 검토 후 의견 부탁드립니다.'),
(0, '2024-08-03 10:00:00', '2024-08-03 10:00:00', UNHEX(REPLACE('72a796fd-294c-4735-b456-03f55f7a2fd5','-','')), UNHEX(REPLACE('0197bf8b-e101-736a-bac8-9e54472fffb3','-','')), 'PENDING', '이하린', '주식회사 지엠로지스', 'UX/UI 개선 아이디어', '설계 관련 초안을 공유드리며, 검토 후 의견 부탁드립니다.'),
(0, '2024-08-04 10:00:00', '2024-08-04 10:00:00', UNHEX(REPLACE('988d70a9-ec9e-4f46-a91c-a1b157290a75','-','')), UNHEX(REPLACE('0197bf8b-e101-736a-bac8-9e54472fffb3','-','')), 'APPROVED', '최고은', '주식회사 지엠로지스', '화면 플로우 확정안', '설계 관련 초안을 공유드리며, 검토 후 의견 부탁드립니다.'),
(0, '2024-08-10 10:00:00', '2024-08-10 10:00:00', UNHEX(REPLACE('6b476f14-6d74-4e50-9fdb-936aaf1dc39d','-','')), UNHEX(REPLACE('0197bf8b-e101-763a-b34f-74cf1b29162b','-','')), 'APPROVED', '김순자', '주식회사 넥스트소프트', 'API 연동 완료 보고', '기능 구현 진행 중이며, 일정에 맞춰 개발을 완료하겠습니다.'),
(0, '2024-08-11 10:00:00', '2024-08-11 10:00:00', UNHEX(REPLACE('4b4489be-cf9a-44fd-97b9-94ab37e1f4bf','-','')), UNHEX(REPLACE('0197bf8b-e101-763a-b34f-74cf1b29162b','-','')), 'PENDING', '박민재', '주식회사 넥스트소프트', 'DB 설계 변경', '기능 구현 진행 중이며, 일정에 맞춰 개발을 완료하겠습니다.'),
(0, '2024-08-12 10:00:00', '2024-08-12 10:00:00', UNHEX(REPLACE('2d31c171-0dde-43c3-815a-b382707df233','-','')), UNHEX(REPLACE('0197bf8b-e101-763a-b34f-74cf1b29162b','-','')), 'APPROVED', '김순자', '주식회사 넥스트소프트', '코드 리뷰 요청', '기능 구현 진행 중이며, 일정에 맞춰 개발을 완료하겠습니다.'),
(0, '2024-08-13 10:00:00', '2024-08-13 10:00:00', UNHEX(REPLACE('07249855-0fb0-4853-bcbb-6556005a7e26','-','')), UNHEX(REPLACE('0197bf8b-e101-763a-b34f-74cf1b29162b','-','')), 'PENDING', '박민재', '주식회사 넥스트소프트', '모듈 개발 진행 상황', '기능 구현 진행 중이며, 일정에 맞춰 개발을 완료하겠습니다.'),
(0, '2024-08-14 10:00:00', '2024-08-14 10:00:00', UNHEX(REPLACE('18aca4d3-fbe1-4b97-80bb-27398fde1591','-','')), UNHEX(REPLACE('0197bf8b-e101-763a-b34f-74cf1b29162b','-','')), 'APPROVED', '김순자', '주식회사 넥스트소프트', '기능 구현 완료 보고', '기능 구현 진행 중이며, 일정에 맞춰 개발을 완료하겠습니다.'),
(0, '2024-08-15 10:00:00', '2024-08-15 10:00:00', UNHEX(REPLACE('847a91aa-a5b8-478b-bcfd-52a7c1012865','-','')), UNHEX(REPLACE('0197bf8b-e101-763a-b34f-74cf1b29162b','-','')), 'PENDING', '박민재', '주식회사 넥스트소프트', 'API 연동 완료 보고', '기능 구현 진행 중이며, 일정에 맞춰 개발을 완료하겠습니다.'),
(0, '2024-08-16 10:00:00', '2024-08-16 10:00:00', UNHEX(REPLACE('72e2c822-0d1c-4598-8319-4f46a9d56efe','-','')), UNHEX(REPLACE('0197bf8b-e101-763a-b34f-74cf1b29162b','-','')), 'APPROVED', '김순자', '주식회사 넥스트소프트', 'DB 설계 변경', '기능 구현 진행 중이며, 일정에 맞춰 개발을 완료하겠습니다.'),
(0, '2024-08-17 10:00:00', '2024-08-17 10:00:00', UNHEX(REPLACE('fde86b85-e29d-4b92-a7c1-f6d121190ce7','-','')), UNHEX(REPLACE('0197bf8b-e101-763a-b34f-74cf1b29162b','-','')), 'PENDING', '박민재', '주식회사 넥스트소프트', '코드 리뷰 요청', '기능 구현 진행 중이며, 일정에 맞춰 개발을 완료하겠습니다.'),
(0, '2024-08-18 10:00:00', '2024-08-18 10:00:00', UNHEX(REPLACE('728c3b45-1e2d-419b-893d-9993f4e73682','-','')), UNHEX(REPLACE('0197bf8b-e101-763a-b34f-74cf1b29162b','-','')), 'APPROVED', '김순자', '주식회사 넥스트소프트', '모듈 개발 진행 상황', '기능 구현 진행 중이며, 일정에 맞춰 개발을 완료하겠습니다.'),
(0, '2024-08-19 10:00:00', '2024-08-19 10:00:00', UNHEX(REPLACE('04940164-f9fc-4042-a3ee-7acdd30f565c','-','')), UNHEX(REPLACE('0197bf8b-e101-763a-b34f-74cf1b29162b','-','')), 'PENDING', '박민재', '주식회사 넥스트소프트', '기능 구현 완료 보고', '기능 구현 진행 중이며, 일정에 맞춰 개발을 완료하겠습니다.'),
(0, '2024-08-20 10:00:00', '2024-08-20 10:00:00', UNHEX(REPLACE('e63acfa3-774a-4d28-9f00-a87dccca76e5','-','')), UNHEX(REPLACE('0197bf8b-e101-763a-b34f-74cf1b29162b','-','')), 'APPROVED', '김순자', '주식회사 넥스트소프트', 'API 연동 완료 보고', '기능 구현 진행 중이며, 일정에 맞춰 개발을 완료하겠습니다.'),
(0, '2024-08-21 10:00:00', '2024-08-21 10:00:00', UNHEX(REPLACE('5a52fc66-7d52-420f-9302-b9149b34295b','-','')), UNHEX(REPLACE('0197bf8b-e101-763a-b34f-74cf1b29162b','-','')), 'PENDING', '박민재', '주식회사 넥스트소프트', 'DB 설계 변경', '기능 구현 진행 중이며, 일정에 맞춰 개발을 완료하겠습니다.'),
(0, '2024-08-22 10:00:00', '2024-08-22 10:00:00', UNHEX(REPLACE('631771d1-6976-4f31-8120-773dddaea21d','-','')), UNHEX(REPLACE('0197bf8b-e101-763a-b34f-74cf1b29162b','-','')), 'APPROVED', '김순자', '주식회사 넥스트소프트', '코드 리뷰 요청', '기능 구현 진행 중이며, 일정에 맞춰 개발을 완료하겠습니다.'),
(0, '2024-08-23 10:00:00', '2024-08-23 10:00:00', UNHEX(REPLACE('ef680f97-f9a7-4431-8a60-d48b9100fb41','-','')), UNHEX(REPLACE('0197bf8b-e101-763a-b34f-74cf1b29162b','-','')), 'PENDING', '박민재', '주식회사 넥스트소프트', '모듈 개발 진행 상황', '기능 구현 진행 중이며, 일정에 맞춰 개발을 완료하겠습니다.'),
(0, '2024-08-24 10:00:00', '2024-08-24 10:00:00', UNHEX(REPLACE('75ee8e73-e9e4-4ff5-94eb-4230d4f2acb5','-','')), UNHEX(REPLACE('0197bf8b-e101-763a-b34f-74cf1b29162b','-','')), 'APPROVED', '김순자', '주식회사 넥스트소프트', '기능 구현 완료 보고', '기능 구현 진행 중이며, 일정에 맞춰 개발을 완료하겠습니다.'),
(0, '2024-08-30 10:00:00', '2024-08-30 10:00:00', UNHEX(REPLACE('4aa0ec35-e758-4873-966b-826d142ccfd2','-','')), UNHEX(REPLACE('0197bf8b-e101-775c-a658-c1690dcfce72','-','')), 'APPROVED', '최고은', '주식회사 지엠로지스', 'QA 테스트 일정 공유', '테스트 진행 현황을 공유드리며, 주요 이슈를 확인 부탁드립니다.'),
(0, '2024-08-31 10:00:00', '2024-08-31 10:00:00', UNHEX(REPLACE('257ea717-c6a1-4078-b949-37064be25502','-','')), UNHEX(REPLACE('0197bf8b-e101-775c-a658-c1690dcfce72','-','')), 'PENDING', '이하린', '주식회사 지엠로지스', '버그 리포트 정리', '테스트 진행 현황을 공유드리며, 주요 이슈를 확인 부탁드립니다.'),
(0, '2024-09-01 10:00:00', '2024-09-01 10:00:00', UNHEX(REPLACE('24688a05-02cb-4494-be0d-33553b425422','-','')), UNHEX(REPLACE('0197bf8b-e101-775c-a658-c1690dcfce72','-','')), 'APPROVED', '최고은', '주식회사 지엠로지스', '테스트 결과 공유', '테스트 진행 현황을 공유드리며, 주요 이슈를 확인 부탁드립니다.'),
(0, '2024-09-02 10:00:00', '2024-09-02 10:00:00', UNHEX(REPLACE('d260b6a3-e9ec-4a8a-bd50-e42063082805','-','')), UNHEX(REPLACE('0197bf8b-e101-775c-a658-c1690dcfce72','-','')), 'PENDING', '이하린', '주식회사 지엠로지스', '기능 검수 요청', '테스트 진행 현황을 공유드리며, 주요 이슈를 확인 부탁드립니다.'),
(0, '2024-09-03 10:00:00', '2024-09-03 10:00:00', UNHEX(REPLACE('14221e47-0b6b-45b0-a695-da2fefb1a47b','-','')), UNHEX(REPLACE('0197bf8b-e101-775c-a658-c1690dcfce72','-','')), 'APPROVED', '최고은', '주식회사 지엠로지스', '이슈 사항 확인 요청', '테스트 진행 현황을 공유드리며, 주요 이슈를 확인 부탁드립니다.'),
(0, '2024-09-04 10:00:00', '2024-09-04 10:00:00', UNHEX(REPLACE('331fe751-ed3a-4b43-b385-40f8e7a5c6fa','-','')), UNHEX(REPLACE('0197bf8b-e101-775c-a658-c1690dcfce72','-','')), 'PENDING', '이하린', '주식회사 지엠로지스', 'QA 테스트 일정 공유', '테스트 진행 현황을 공유드리며, 주요 이슈를 확인 부탁드립니다.'),
(0, '2024-09-05 10:00:00', '2024-09-05 10:00:00', UNHEX(REPLACE('37bad58c-ff07-41e6-8f6b-0d3bf4236a78','-','')), UNHEX(REPLACE('0197bf8b-e101-775c-a658-c1690dcfce72','-','')), 'APPROVED', '최고은', '주식회사 지엠로지스', '버그 리포트 정리', '테스트 진행 현황을 공유드리며, 주요 이슈를 확인 부탁드립니다.'),
(0, '2024-09-06 10:00:00', '2024-09-06 10:00:00', UNHEX(REPLACE('d6e5342f-7652-48fc-abec-3935d2aae0e3','-','')), UNHEX(REPLACE('0197bf8b-e101-775c-a658-c1690dcfce72','-','')), 'PENDING', '이하린', '주식회사 지엠로지스', '테스트 결과 공유', '테스트 진행 현황을 공유드리며, 주요 이슈를 확인 부탁드립니다.'),
(0, '2024-09-07 10:00:00', '2024-09-07 10:00:00', UNHEX(REPLACE('63f2b87c-ecea-40b7-b754-d352d53e3e11','-','')), UNHEX(REPLACE('0197bf8b-e101-775c-a658-c1690dcfce72','-','')), 'APPROVED', '최고은', '주식회사 지엠로지스', '기능 검수 요청', '테스트 진행 현황을 공유드리며, 주요 이슈를 확인 부탁드립니다.'),
(0, '2024-09-08 10:00:00', '2024-09-08 10:00:00', UNHEX(REPLACE('ab7fe0d1-301e-4f77-a18d-c940e3c61606','-','')), UNHEX(REPLACE('0197bf8b-e101-775c-a658-c1690dcfce72','-','')), 'PENDING', '이하린', '주식회사 지엠로지스', '이슈 사항 확인 요청', '테스트 진행 현황을 공유드리며, 주요 이슈를 확인 부탁드립니다.'),
(0, '2024-09-09 10:00:00', '2024-09-09 10:00:00', UNHEX(REPLACE('527fd7c6-b687-40ec-91b4-e754a95661db','-','')), UNHEX(REPLACE('0197bf8b-e101-775c-a658-c1690dcfce72','-','')), 'APPROVED', '최고은', '주식회사 지엠로지스', 'QA 테스트 일정 공유', '테스트 진행 현황을 공유드리며, 주요 이슈를 확인 부탁드립니다.'),
(0, '2024-09-10 10:00:00', '2024-09-10 10:00:00', UNHEX(REPLACE('d6b65139-af73-46f7-8e90-39aa21d07c30','-','')), UNHEX(REPLACE('0197bf8b-e101-775c-a658-c1690dcfce72','-','')), 'PENDING', '이하린', '주식회사 지엠로지스', '버그 리포트 정리', '테스트 진행 현황을 공유드리며, 주요 이슈를 확인 부탁드립니다.'),
(0, '2024-09-11 10:00:00', '2024-09-11 10:00:00', UNHEX(REPLACE('16e78a60-5cbd-492e-8211-8c859a84d1d7','-','')), UNHEX(REPLACE('0197bf8b-e101-775c-a658-c1690dcfce72','-','')), 'APPROVED', '최고은', '주식회사 지엠로지스', '테스트 결과 공유', '테스트 진행 현황을 공유드리며, 주요 이슈를 확인 부탁드립니다.'),
(0, '2024-09-12 10:00:00', '2024-09-12 10:00:00', UNHEX(REPLACE('a70b8c12-448b-42f3-a5a8-f871b716034c','-','')), UNHEX(REPLACE('0197bf8b-e101-775c-a658-c1690dcfce72','-','')), 'PENDING', '이하린', '주식회사 지엠로지스', '기능 검수 요청', '테스트 진행 현황을 공유드리며, 주요 이슈를 확인 부탁드립니다.'),
(0, '2024-09-13 10:00:00', '2024-09-13 10:00:00', UNHEX(REPLACE('cf155c1c-1576-43df-83b6-dde8a0b970bb','-','')), UNHEX(REPLACE('0197bf8b-e101-775c-a658-c1690dcfce72','-','')), 'APPROVED', '최고은', '주식회사 지엠로지스', '이슈 사항 확인 요청', '테스트 진행 현황을 공유드리며, 주요 이슈를 확인 부탁드립니다.'),
(0, '2024-09-19 10:00:00', '2024-09-19 10:00:00', UNHEX(REPLACE('c2828b6b-3572-4eae-a938-9591ef998c15','-','')), UNHEX(REPLACE('0197bf8b-e101-70c6-b46e-10c534ec0689','-','')), 'APPROVED', '김순자', '주식회사 넥스트소프트', '배포 일정 공지', '배포 및 교육 관련 일정을 정리하였습니다. 내용 확인 바랍니다.'),
(0, '2024-09-20 10:00:00', '2024-09-20 10:00:00', UNHEX(REPLACE('ebde5ec2-0b8d-4093-9421-0b6e1819291e','-','')), UNHEX(REPLACE('0197bf8b-e101-70c6-b46e-10c534ec0689','-','')), 'PENDING', '박민재', '주식회사 넥스트소프트', '사용자 교육 자료 배포', '배포 및 교육 관련 일정을 정리하였습니다. 내용 확인 바랍니다.'),
(0, '2024-09-21 10:00:00', '2024-09-21 10:00:00', UNHEX(REPLACE('6831f229-e47a-42a6-9f6b-48b5d240c2e6','-','')), UNHEX(REPLACE('0197bf8b-e101-70c6-b46e-10c534ec0689','-','')), 'APPROVED', '김순자', '주식회사 넥스트소프트', '시스템 운영 가이드', '배포 및 교육 관련 일정을 정리하였습니다. 내용 확인 바랍니다.'),
(0, '2024-09-22 10:00:00', '2024-09-22 10:00:00', UNHEX(REPLACE('7ff8eee9-08b8-40e4-98a1-e22ca62f9bb9','-','')), UNHEX(REPLACE('0197bf8b-e101-70c6-b46e-10c534ec0689','-','')), 'PENDING', '박민재', '주식회사 넥스트소프트', '최종 배포 보고', '배포 및 교육 관련 일정을 정리하였습니다. 내용 확인 바랍니다.'),
(0, '2024-09-23 10:00:00', '2024-09-23 10:00:00', UNHEX(REPLACE('935d6be2-c69a-4fa2-ad03-13d1006428a1','-','')), UNHEX(REPLACE('0197bf8b-e101-70c6-b46e-10c534ec0689','-','')), 'APPROVED', '김순자', '주식회사 넥스트소프트', '운영 매뉴얼 작성 안내', '배포 및 교육 관련 일정을 정리하였습니다. 내용 확인 바랍니다.'),
(0, '2024-09-24 10:00:00', '2024-09-24 10:00:00', UNHEX(REPLACE('b2cbbff1-f8af-4509-a013-605ebbf18975','-','')), UNHEX(REPLACE('0197bf8b-e101-70c6-b46e-10c534ec0689','-','')), 'PENDING', '박민재', '주식회사 넥스트소프트', '배포 일정 공지', '배포 및 교육 관련 일정을 정리하였습니다. 내용 확인 바랍니다.'),
(0, '2024-09-25 10:00:00', '2024-09-25 10:00:00', UNHEX(REPLACE('8fa6359b-c527-4254-b83b-6417a10b4419','-','')), UNHEX(REPLACE('0197bf8b-e101-70c6-b46e-10c534ec0689','-','')), 'APPROVED', '김순자', '주식회사 넥스트소프트', '사용자 교육 자료 배포', '배포 및 교육 관련 일정을 정리하였습니다. 내용 확인 바랍니다.'),
(0, '2024-09-26 10:00:00', '2024-09-26 10:00:00', UNHEX(REPLACE('01f8eabf-0bdd-4ca9-9c3e-9d25fcc2f575','-','')), UNHEX(REPLACE('0197bf8b-e101-70c6-b46e-10c534ec0689','-','')), 'PENDING', '박민재', '주식회사 넥스트소프트', '시스템 운영 가이드', '배포 및 교육 관련 일정을 정리하였습니다. 내용 확인 바랍니다.'),
(0, '2024-09-27 10:00:00', '2024-09-27 10:00:00', UNHEX(REPLACE('b2b19b1d-8427-49ba-86c5-e90198aadf73','-','')), UNHEX(REPLACE('0197bf8b-e101-70c6-b46e-10c534ec0689','-','')), 'APPROVED', '김순자', '주식회사 넥스트소프트', '최종 배포 보고', '배포 및 교육 관련 일정을 정리하였습니다. 내용 확인 바랍니다.'),
(0, '2024-09-28 10:00:00', '2024-09-28 10:00:00', UNHEX(REPLACE('7f2084a6-cb54-4a8c-a101-e9d4ba770c08','-','')), UNHEX(REPLACE('0197bf8b-e101-70c6-b46e-10c534ec0689','-','')), 'PENDING', '박민재', '주식회사 넥스트소프트', '운영 매뉴얼 작성 안내', '배포 및 교육 관련 일정을 정리하였습니다. 내용 확인 바랍니다.'),
(0, '2024-09-29 10:00:00', '2024-09-29 10:00:00', UNHEX(REPLACE('eec8230f-15ca-45b8-9d06-209ca31ce9c3','-','')), UNHEX(REPLACE('0197bf8b-e101-70c6-b46e-10c534ec0689','-','')), 'APPROVED', '김순자', '주식회사 넥스트소프트', '배포 일정 공지', '배포 및 교육 관련 일정을 정리하였습니다. 내용 확인 바랍니다.'),
(0, '2024-09-30 10:00:00', '2024-09-30 10:00:00', UNHEX(REPLACE('0d5fb803-8edc-45bb-a9d9-45a120f9b601','-','')), UNHEX(REPLACE('0197bf8b-e101-70c6-b46e-10c534ec0689','-','')), 'PENDING', '박민재', '주식회사 넥스트소프트', '사용자 교육 자료 배포', '배포 및 교육 관련 일정을 정리하였습니다. 내용 확인 바랍니다.'),
(0, '2024-10-01 10:00:00', '2024-10-01 10:00:00', UNHEX(REPLACE('4b3e367e-5f16-40c9-846e-a8ce136d0748','-','')), UNHEX(REPLACE('0197bf8b-e101-70c6-b46e-10c534ec0689','-','')), 'APPROVED', '김순자', '주식회사 넥스트소프트', '시스템 운영 가이드', '배포 및 교육 관련 일정을 정리하였습니다. 내용 확인 바랍니다.'),
(0, '2024-10-02 10:00:00', '2024-10-02 10:00:00', UNHEX(REPLACE('b35e8ae9-c870-47d2-abfa-7798020a1c3e','-','')), UNHEX(REPLACE('0197bf8b-e101-70c6-b46e-10c534ec0689','-','')), 'PENDING', '박민재', '주식회사 넥스트소프트', '최종 배포 보고', '배포 및 교육 관련 일정을 정리하였습니다. 내용 확인 바랍니다.'),
(0, '2024-10-03 10:00:00', '2024-10-03 10:00:00', UNHEX(REPLACE('75957e0e-80f4-4ded-b95b-ce8124f520a7','-','')), UNHEX(REPLACE('0197bf8b-e101-70c6-b46e-10c534ec0689','-','')), 'APPROVED', '김순자', '주식회사 넥스트소프트', '운영 매뉴얼 작성 안내', '배포 및 교육 관련 일정을 정리하였습니다. 내용 확인 바랍니다.');
-- 프로젝트 리뷰 2건
INSERT INTO review (deleted,created_at,modified_at,id,member_id,parent_id,post_id,company_name,comment,author_name) VALUES
(0,'2024-10-03 14:30:00','2024-10-03 14:30:00',UNHEX(REPLACE('0197bf2b-b8f7-7da2-bf5b-cfa46359b5fb','-','')),UNHEX(REPLACE('0197bf2b-ced9-7599-8382-e622a4df8904','-','')),NULL,UNHEX(REPLACE('75957e0e-80f4-4ded-b95b-ce8124f520a7','-','')),'주식회사 지엠로지스','매뉴얼 및 일정 확인 완료했습니다. 이상 없습니다. 일정대로 진행하겠습니다.','이하린'),
(0,'2024-10-05 10:15:00','2024-10-05 10:15:00',UNHEX(REPLACE('d72c8734-91e0-4f28-bf20-7192a0ea1b99','-','')),UNHEX(REPLACE('0197bf2b-ced9-7e6b-a0ba-95ccc981b2f9','-','')),NULL,UNHEX(REPLACE('c1a6e006-577c-49ea-be9e-cc7c70841e7a','-','')),'주식회사 넥스트소프트','자료 확인했습니다. 잘 정리해주셔서 이해에 도움이 많이 되었습니다. 추가 사항 있으면 공유 부탁드립니다.','박민재'),
(0,'2024-10-07 09:40:00','2024-10-07 09:40:00',UNHEX(REPLACE('7f1f82f3-c44e-4e8d-a543-fda28cbb1c37','-','')),UNHEX(REPLACE('0197bf2b-ced9-76fc-8271-28964d4636d6','-','')),NULL,UNHEX(REPLACE('988d70a9-ec9e-4f46-a91c-a1b157290a75','-','')),'주식회사 넥스트소프트','초안 확인했습니다. 전반적으로 흐름에 문제 없어 보이며, 내부에서도 추가 검토 후 피드백 드리겠습니다.','김순자'),
(0,'2024-10-08 13:25:00','2024-10-08 13:25:00',UNHEX(REPLACE('0dcce9ec-40ae-4fc1-b7a9-e97465f74d38','-','')),UNHEX(REPLACE('0197bf2b-ced9-78f8-a5fe-68b2e25b9192','-','')),NULL,UNHEX(REPLACE('75ee8e73-e9e4-4ff5-94eb-4230d4f2acb5','-','')),'주식회사 지엠로지스','진행 상황 공유 감사합니다. 일정에 맞춰 개발이 완료되면 바로 테스트 준비하겠습니다.','최고은'),
(0,'2024-10-11 11:20:00','2024-10-11 11:20:00',UNHEX(REPLACE('6dfd2a13-ff8b-4ec3-89f4-89bc69e2cbf1','-','')),UNHEX(REPLACE('0197bf2b-ced9-76fc-8271-28964d4636d6','-','')),NULL,UNHEX(REPLACE('cf155c1c-1576-43df-83b6-dde8a0b970bb','-','')),'주식회사 넥스트소프트','이슈 사항 확인했습니다. 원인 분석 후 오늘 중으로 조치 방안 공유드리겠습니다.','김순자');

-- 체크리스트
INSERT INTO project_check_list (deleted,created_at,modified_at,author_id,company_id,id,project_step_id,title,content,approval,author_name,company_name) VALUES
(0,'2025-06-30 09:00:00.000','2025-06-30 09:00:00.000',UNHEX(REPLACE('0197bf2b-ced9-7e6b-a0ba-95ccc981b2f9','-','')),UNHEX(REPLACE('0197bf2b-ced9-7a19-a9e5-46cb3f391663','-','')),UNHEX(REPLACE('6e0b8852-19d9-49e8-ae9c-54711986af8d','-','')),UNHEX(REPLACE('0197bf8b-e101-7654-a061-84620a0e6465','-','')),'요구사항 수집 완료 확인','고객사로부터 전달된 모든 요구사항 목록 확인 및 누락 여부 검토','REJECTED','박민재','주식회사 넥스트소프트'),
(0,'2025-06-30 09:01:00.000','2025-06-30 09:01:00.000',UNHEX(REPLACE('0197bf2b-ced9-76fc-8271-28964d4636d6','-','')),UNHEX(REPLACE('0197bf2b-ced9-7a19-a9e5-46cb3f391663','-','')),UNHEX(REPLACE('ea00b3fe-7fdd-40ee-8788-d5ad90b64a20','-','')),UNHEX(REPLACE('0197bf8b-e101-7654-a061-84620a0e6465','-','')),'요구사항 정리 문서화','정리된 요구사항을 내부 포맷에 맞춰 문서화','PENDING','김순자','주식회사 넥스트소프트'),
(0,'2025-06-30 09:02:00.000','2025-06-30 09:02:00.000',UNHEX(REPLACE('0197bf2b-ced9-76fc-8271-28964d4636d6','-','')),UNHEX(REPLACE('0197bf2b-ced9-7a19-a9e5-46cb3f391663','-','')),UNHEX(REPLACE('679c4390-c569-4f17-a8f9-0d22c4db158f','-','')),UNHEX(REPLACE('0197bf8b-e101-7654-a061-84620a0e6465','-','')),'요구사항 정합성 검토','중복, 모순된 항목에 대한 검토 및 수정 요청 여부 판단','REJECTED','김순자','주식회사 넥스트소프트'),
(0,'2025-06-30 09:03:00.000','2025-06-30 09:03:00.000',UNHEX(REPLACE('0197bf2b-ced9-7e6b-a0ba-95ccc981b2f9','-','')),UNHEX(REPLACE('0197bf2b-ced9-7a19-a9e5-46cb3f391663','-','')),UNHEX(REPLACE('a021a626-718e-4cb7-b095-f8b3a71dba9b','-','')),UNHEX(REPLACE('0197bf8b-e101-736a-bac8-9e54472fffb3','-','')),'UI 흐름도 초안 작성','전체 서비스의 화면 이동 구조 및 사용자 흐름도 설계','REJECTED','박민재','주식회사 넥스트소프트'),
(0,'2025-06-30 09:04:00.000','2025-06-30 09:04:00.000',UNHEX(REPLACE('0197bf2b-ced9-7e6b-a0ba-95ccc981b2f9','-','')),UNHEX(REPLACE('0197bf2b-ced9-7a19-a9e5-46cb3f391663','-','')),UNHEX(REPLACE('f06acfbf-a8e3-4b74-b409-45eadf18b180','-','')),UNHEX(REPLACE('0197bf8b-e101-736a-bac8-9e54472fffb3','-','')),'DB 설계 초안 공유','초기 ERD 구조 작성 및 테이블 간 관계 정리','APPROVED','박민재','주식회사 넥스트소프트'),
(0,'2025-06-30 09:05:00.000','2025-06-30 09:05:00.000',UNHEX(REPLACE('0197bf2b-ced9-7e6b-a0ba-95ccc981b2f9','-','')),UNHEX(REPLACE('0197bf2b-ced9-7a19-a9e5-46cb3f391663','-','')),UNHEX(REPLACE('ce697890-25ec-4c21-86ca-f4260b427553','-','')),UNHEX(REPLACE('0197bf8b-e101-736a-bac8-9e54472fffb3','-','')),'기능 정의서 검토','주요 기능에 대한 정의 및 예외 처리 사항 포함 여부 점검','PENDING','박민재','주식회사 넥스트소프트'),
(0,'2025-06-30 09:06:00.000','2025-06-30 09:06:00.000',UNHEX(REPLACE('0197bf2b-ced9-76fc-8271-28964d4636d6','-','')),UNHEX(REPLACE('0197bf2b-ced9-7a19-a9e5-46cb3f391663','-','')),UNHEX(REPLACE('ee68d5d7-6f58-48be-822b-3163fc5699d8','-','')),UNHEX(REPLACE('0197bf8b-e101-763a-b34f-74cf1b29162b','-','')),'기초 기능 구현 완료','회원가입, 로그인 등 필수 기능 우선 구현 여부 확인','APPROVED','김순자','주식회사 넥스트소프트'),
(0,'2025-06-30 09:07:00.000','2025-06-30 09:07:00.000',UNHEX(REPLACE('0197bf2b-ced9-7e6b-a0ba-95ccc981b2f9','-','')),UNHEX(REPLACE('0197bf2b-ced9-7a19-a9e5-46cb3f391663','-','')),UNHEX(REPLACE('e6b6d6c7-07f8-49b6-940a-4f3cb186b5b3','-','')),UNHEX(REPLACE('0197bf8b-e101-763a-b34f-74cf1b29162b','-','')),'모듈 단위 테스트 검토','각 기능별 단위 테스트 결과 확인 및 예외사항 확인','PENDING','박민재','주식회사 넥스트소프트'),
(0,'2025-06-30 09:08:00.000','2025-06-30 09:08:00.000',UNHEX(REPLACE('0197bf2b-ced9-76fc-8271-28964d4636d6','-','')),UNHEX(REPLACE('0197bf2b-ced9-7a19-a9e5-46cb3f391663','-','')),UNHEX(REPLACE('9a0e1e50-aab3-4a50-a06e-1a72101fd92e','-','')),UNHEX(REPLACE('0197bf8b-e101-763a-b34f-74cf1b29162b','-','')),'에러 케이스 처리 점검','잘못된 입력 및 예외 흐름에 대한 처리 여부 확인','REJECTED','김순자','주식회사 넥스트소프트'),
(0,'2025-06-30 09:09:00.000','2025-06-30 09:09:00.000',UNHEX(REPLACE('0197bf2b-ced9-7e6b-a0ba-95ccc981b2f9','-','')),UNHEX(REPLACE('0197bf2b-ced9-7a19-a9e5-46cb3f391663','-','')),UNHEX(REPLACE('d4760fd5-d004-473e-bd39-ce8abc7d90be','-','')),UNHEX(REPLACE('0197bf8b-e101-775c-a658-c1690dcfce72','-','')),'통합 테스트 진행 여부 확인','전체 시나리오 기반 통합 테스트 체크','REJECTED','박민재','주식회사 넥스트소프트'),
(0,'2025-06-30 09:10:00.000','2025-06-30 09:10:00.000',UNHEX(REPLACE('0197bf2b-ced9-76fc-8271-28964d4636d6','-','')),UNHEX(REPLACE('0197bf2b-ced9-7a19-a9e5-46cb3f391663','-','')),UNHEX(REPLACE('ac611116-cd2d-4a6f-84ef-6a2852fbba51','-','')),UNHEX(REPLACE('0197bf8b-e101-775c-a658-c1690dcfce72','-','')),'버그 리포트 작성','테스트 중 발견된 주요 버그 항목 정리','UPDATE_REQUEST','김순자','주식회사 넥스트소프트'),
(0,'2025-06-30 09:11:00.000','2025-06-30 09:11:00.000',UNHEX(REPLACE('0197bf2b-ced9-7e6b-a0ba-95ccc981b2f9','-','')),UNHEX(REPLACE('0197bf2b-ced9-7a19-a9e5-46cb3f391663','-','')),UNHEX(REPLACE('3ba6a60c-7a07-4df5-b57d-db773db2e458','-','')),UNHEX(REPLACE('0197bf8b-e101-775c-a658-c1690dcfce72','-','')),'기능별 테스트 결과 기록','기능별 Pass/Fail 여부 및 피드백 메모','REJECTED','박민재','주식회사 넥스트소프트'),
(0,'2025-06-30 09:12:00.000','2025-06-30 09:12:00.000',UNHEX(REPLACE('0197bf2b-ced9-7e6b-a0ba-95ccc981b2f9','-','')),UNHEX(REPLACE('0197bf2b-ced9-7a19-a9e5-46cb3f391663','-','')),UNHEX(REPLACE('309cb48a-6331-4498-afd6-6ec3328499ee','-','')),UNHEX(REPLACE('0197bf8b-e101-70c6-b46e-10c534ec0689','-','')),'최종 배포 계획 확정','릴리즈 버전 및 일정 확정 여부 검토','REJECTED','박민재','주식회사 넥스트소프트'),
(0,'2025-06-30 09:13:00.000','2025-06-30 09:13:00.000',UNHEX(REPLACE('0197bf2b-ced9-76fc-8271-28964d4636d6','-','')),UNHEX(REPLACE('0197bf2b-ced9-7a19-a9e5-46cb3f391663','-','')),UNHEX(REPLACE('e98e1c79-77bb-40cf-810c-e7f9e3211aff','-','')),UNHEX(REPLACE('0197bf8b-e101-70c6-b46e-10c534ec0689','-','')),'운영 매뉴얼 배포 여부','최종 매뉴얼 배포 및 공유 여부 체크','REJECTED','김순자','주식회사 넥스트소프트'),
(0,'2025-06-30 09:14:00.000','2025-06-30 09:14:00.000',UNHEX(REPLACE('0197bf2b-ced9-7e6b-a0ba-95ccc981b2f9','-','')),UNHEX(REPLACE('0197bf2b-ced9-7a19-a9e5-46cb3f391663','-','')),UNHEX(REPLACE('56bfdf4f-8c61-4a8c-8894-13eb8d50154a','-','')),UNHEX(REPLACE('0197bf8b-e101-70c6-b46e-10c534ec0689','-','')),'교육자료 최종 검토','교육자료 내 오류/누락 항목 최종 확인 및 수정 요청 여부','PENDING','박민재','주식회사 넥스트소프트');


--로그
INSERT INTO activity_log (action_time, actor_company_id, actor_id, id, target_id, actor_company_name, actor_name, company_type, action_type, target_type) VALUES
('2025-06-30 08:26:08', UNHEX(REPLACE('0197bf2b-ced9-7304-b126-c7bed5391382', '-', '')), UNHEX(REPLACE('0197bf2b-ced9-7e6b-a0ba-95ccc981b2f9', '-', '')), UNHEX(REPLACE('8e81f247-44e7-48cc-8612-8297ec8074ac', '-', '')), UNHEX(REPLACE('0197bf67-a895-700c-b99b-d16e84f03ade', '-', '')), '주식회사 넥스트소프트', '박민재', 'DEVELOPMENT', 'MODIFY', 'PROJECT');

INSERT INTO activity_log (action_time, actor_company_id, actor_id, id, target_id, actor_company_name, actor_name, company_type, action_type, target_type) VALUES
('2025-06-30 08:26:08', UNHEX(REPLACE('0197bf2b-ced9-7304-b126-c7bed5391382', '-', '')), UNHEX(REPLACE('0197bf2b-ced9-7e6b-a0ba-95ccc981b2f9', '-', '')), UNHEX(REPLACE('c86f7242-c795-4437-b4e7-d4e8484425f0', '-', '')), UNHEX(REPLACE('ce697890-25ec-4c21-86ca-f4260b427553', '-', '')), '주식회사 넥스트소프트', '박민재', 'DEVELOPMENT', 'MODIFY', 'PROJECT_CHECK_LIST');

INSERT INTO activity_log (action_time, actor_company_id, actor_id, id, target_id, actor_company_name, actor_name, company_type, action_type, target_type) VALUES
('2025-06-30 08:26:08', UNHEX(REPLACE('0197bf2b-ced9-7304-b126-c7bed5391382', '-', '')), UNHEX(REPLACE('0197bf2b-ced9-7e6b-a0ba-95ccc981b2f9', '-', '')), UNHEX(REPLACE('5b510476-467b-4c24-a8fc-6f3753245b56', '-', '')), UNHEX(REPLACE('e6b6d6c7-07f8-49b6-940a-4f3cb186b5b3', '-', '')), '주식회사 넥스트소프트', '박민재', 'DEVELOPMENT', 'MODIFY', 'PROJECT_CHECK_LIST');

INSERT INTO log_detail (activity_log_id, id, new_value, old_value, field_type) VALUES
(UNHEX(REPLACE('8e81f247-44e7-48cc-8612-8297ec8074ac', '-', '')), UNHEX(REPLACE('ff17cde5-3f30-47cb-9a1c-2ea56ee92804', '-', '')), 'ERP 고도화 프로젝트', 'ERP 개선 프로젝트', 'PROJECT_NAME');

INSERT INTO log_detail (activity_log_id, id, new_value, old_value, field_type) VALUES
(UNHEX(REPLACE('c86f7242-c795-4437-b4e7-d4e8484425f0', '-', '')), UNHEX(REPLACE('0170b1df-76bb-4951-bab6-b3d18897715f', '-', '')), 'APPROVED', 'PENDING', 'PROJECT_CHECK_LIST_APPROVAL');

INSERT INTO log_detail (activity_log_id, id, new_value, old_value, field_type) VALUES
(UNHEX(REPLACE('5b510476-467b-4c24-a8fc-6f3753245b56', '-', '')), UNHEX(REPLACE('340627ce-1319-455e-b576-5a97a24f7b1a', '-', '')), 'REJECTED', 'APPROVED', 'PROJECT_CHECK_LIST_APPROVAL');

INSERT INTO log_detail (activity_log_id, id, new_value, old_value, field_type) VALUES
(UNHEX(REPLACE('5b510476-467b-4c24-a8fc-6f3753245b56', '-', '')), UNHEX(REPLACE('84f24960-49cf-4a16-aa44-f563f5679c8f', '-', '')), 'UPDATE_REQUEST', 'REJECTED', 'PROJECT_CHECK_LIST_APPROVAL');

